-114.43613455397,62.4717858,"Big River Service","1 Highway 3 X0E 0L0 Fort Providence nt - myLPG.eu"
-115.78671,60.815181,Esso,"921 Mackenzie Hwy ss 22 X0E 0R8 Hay River nt - myLPG.eu"
-135.077861,60.734244,"Integra Tire Whitehorse","107 Industrial rd Y1A 2T7 Whitehorse yt - myLPG.eu"
-135.00208474471,60.638741329047,Petro-canada,"91007 Alaska Hwy Y1A 5S8 Whitehorse yt - myLPG.eu"
-128.703488,60.061639,Petro-canada,"705 Frank Trail   Y0A 1C0 Watson Lake yt - myLPG.eu"
-122.715753,58.804385,"Fort Nelson Husky","5531 50th Ave s V0C 1R0 Fort Nelson bc - myLPG.eu"
-122.70248,58.799674,"Skinner Bros","5203 46th Ave V0C 1R0 Fort Nelson bc - myLPG.eu"
-122.681174,58.744246,"Bluewave Energy","Alaska Hwy V0C 1R0 Fort Nelson bc - myLPG.eu"
-117.134757,58.515574,"Bluewave Energy","10202 99 st T0H 2H0 la Crete ab - myLPG.eu"
-117.144369,58.501764,"Bluewave Energy","11700 95 st T0H 1Z0 High Level ab - myLPG.eu"
-119.407488,58.496688,"Rainbow Lake Bulk Plant","25 Mobil Ave T0H 2Y0 Rainbow Lake ab - myLPG.eu"
-111.349281,56.680378,Esso,"312 Gregoire dr T9H 3R2 Fort Mcmurray ab - myLPG.eu"
-115.305111,56.549573,"Bluewave Energy","219 Highway 88 n T0G 1X0 Red Earth Creek ab - myLPG.eu"
-115.304912,56.549553,"Bluewave Energy","219 Highway 88 n T0G 1X0 Red Earth Creek ab - myLPG.eu"
-117.34493616931,56.243834750117,"Bluewave Energy","8902 75th st T8S 0A5 Peace River ab - myLPG.eu"
-117.345022,56.242863,"Bluewave Energy","8902 75th st T8S 0A5 Peace River ab - myLPG.eu"
-120.846606,56.235825,"Superior Propane","9915 Alaska rd V1J 1A6 Fort St. John bc - myLPG.eu"
-117.33301074471,56.232581399031,Esso,"10001 80 st T8S 1R2 Peace River ab - myLPG.eu"
-117.605446,56.186624,"Girouxville Cardlock","4636 50th st T0H 1S0 Girouxville ab - myLPG.eu"
-129.987915,55.935749,Petro-canada,"606 5th Ave V0T 1W0 Stewart bc - myLPG.eu"
-118.696672,55.75778,"Flying j","Highway 2 & Highway 49 T0H 3A0 Rycroft ab - myLPG.eu"
-120.223959,55.757139,"Dawson Creek Gas Bar","10200 8th st V1G 3P8 Dawson Creek bc - myLPG.eu"
-111.033691,55.634946,"Christina Lake Enterprises","302 Christina Lake dr T0P 1H1 Conklin ab - myLPG.eu"
-104.562981,55.417255,"Stanley Mission Gas Bar","Highway 195 S0J 2P0 Stanley Mission sk - myLPG.eu"
-115.431384,55.333354,"Howard's Swan Valley Service","111 Railway Ave T0G 1K0 Kinuso ab - myLPG.eu"
-119.558094,55.329909,"Hythe Husky Tags","10212 100th Ave T0H 2C0 Hythe ab - myLPG.eu"
-114.753522,55.287666,"Sawridge Travel Centre Cafe","Bicentennial Hwy T0G 2A0 Slave Lake ab - myLPG.eu"
-118.791688,55.208335,"Bluewave Energy","14125 99 st T8V 7G2 Grande Prairie ab - myLPG.eu"
-119.421007,55.201761,Esso,"310 1st Ave T0H 0C0 Beaverlodge ab - myLPG.eu"
-118.847312,55.176872,"Grande Prairie Gas Bar - Royal Oaks","10505 117th Ave T8V 7N7 Grande Prairie ab - myLPG.eu"
-118.844991,55.175033,"Grande Prairie Gas Bar Westgate","11540 104 Ave T8V 3X9 Grande Prairie ab - myLPG.eu"
-118.82526,55.171259,"Gateway Mohawk","10970 100th Ave T8V 7G5 Grande Prairie ab - myLPG.eu"
-118.825699,55.170078,"Derrick Husky","10919 100th Ave T8V 3J9 Grande Prairie ab - myLPG.eu"
-122.974229,55.118155,"Windy Point","50011 Hart Way V0J 2G0 Mcleod Lake bc - myLPG.eu"
-112.343613,54.851088,"Plamondon Gas Bar","9917 102 Ave T0A 2T0 Plamondon ab - myLPG.eu"
-111.96544592989,54.774252594121,"Tempo - Fiddler's Food & Gas","9031 101st Ave T0A 2T0 Lac la Biche ab - myLPG.eu"
-101.857428,54.768482,Petro-canada,"79 3rd Ave R8A 0W8 Flin Flon mb - myLPG.eu"
-115.391458,54.709866,Esso,"4639 Federated rd T0G 2C0 Swan Hills ab - myLPG.eu"
-112.804041,54.590375,"Boyle Tempo","5100 Lakeview rd T0A 0M0 Boyle ab - myLPG.eu"
-112.809686,54.587303,"Boyle Gas Bar","4904 Taylor rd T0A 0M0 Boyle ab - myLPG.eu"
-112.803818,54.587285,"Gold Happy's","Highway 831 T0A 0M0 Boyle ab - myLPG.eu"
-128.583927,54.51354,"Superior Propane","4516 Keith Ave V8G 1J8 Terrace bc - myLPG.eu"
-110.483773,54.460466,"Northern Lights Truck Stop","Highway 55 & Highway 892 T0A 0B0 Ardmore ab - myLPG.eu"
-110.760658,54.442637,"la Corey Quick Stop","Highway 41 & Highway 55 T0A 2E0 la Corey ab - myLPG.eu"
-124.254437,54.433896,Petro-canada,"Highway 27 V0J 1P0 Fort St. James bc - myLPG.eu"
-126.627575,54.423068,Petro-canada,"3712 Highway 16 V0J 2N0 Smithers bc - myLPG.eu"
-116.80795508333,54.394953895938,Petro-canada,"Kaybob dr & Highway Ave T0H 1P0 Fox Creek ab - myLPG.eu"
-116.808631,54.394779,Petro-canada,"Kaybob & Highway Ave T0H 1P0 Fox Creek ab - myLPG.eu"
-113.850332,54.355706,"Tempo - Dapp Corner Store","62131 Highway 44 T0G 0S0 Dapp ab - myLPG.eu"
-114.774443,54.333954,"Redi-fast Fixit","33 State Ave T0G 1A0 Fort Assiniboine ab - myLPG.eu"
-114.357984,54.319406,"Neerlandia Co-op","3224 Township rd 615a T0G 1R2 Neerlandia ab - myLPG.eu"
-110.770827,54.271684,"Bonnyville Gas Bar","6020 54th Ave T9N 2M8 Bonnyville ab - myLPG.eu"
-125.7601341,54.2268193,"Superior Propane","Highway 16 w V0J 1E0 Burns Lake bc - myLPG.eu"
-113.848304,54.164553,"Westlock Husky Market","11007 104 Ave T7P 1E6 Westlock ab - myLPG.eu"
-113.12629,54.160702,"Thorhild Gas & Car Wash","802 2nd st T0A 3J0 Thorhild ab - myLPG.eu"
-113.851099,54.154583,"Seoul House","10208 104 Ave T7P 2H6 Westlock ab - myLPG.eu"
-113.661917,54.15157,Petro-canada,"Highway 18 T0G 0P0 Clyde ab - myLPG.eu"
-108.447031,54.132862,"Meadow Lake Gas Bar","710 1st Ave w S9X 1P3 Meadow Lake sk - myLPG.eu"
-115.662828,54.124876,Petro-canada,"3743 Caxton st T7S 1P5 Whitecourt ab - myLPG.eu"
-114.40261645502,54.117483114036,"Barrhead Gas Bar","4907 49b st T7N 1G2 Barrhead ab - myLPG.eu"
-112.484467,54.109345,"Smoky Lake Centex","4329 56 st T0A 3C0 Smoky Lake ab - myLPG.eu"
-112.782737,54.095367,"Metro's Contracting","59234 rr 1 T0A 3P0 Waskatenau ab - myLPG.eu"
-124.012772,54.014174,"Vanderhoof Gas Bar","227 1st st V0J 3A0 Vanderhoof bc - myLPG.eu"
-122.80015,53.996006,"Day & Night Stores","4381 Handlen rd V2K 4P9 Prince George bc - myLPG.eu"
-111.273368,53.991308,"Saint Paul Gas Bar","5005 42nd st T0A 3A2 St. Paul ab - myLPG.eu"
-115.140142,53.950145,"Mayerthorpe Gas & Wash","5012 45th Ave T0E 1N0 Mayerthorpe ab - myLPG.eu"
-113.644102,53.949573,Esso,"Highway 2 & Highway 651 T0G 1L0 Legal ab - myLPG.eu"
-113.111348,53.948955,"Country Boyz Tempo","5024 48 Ave T0A 4J0 Toefield ab - myLPG.eu"
-122.760376,53.94067,Husky,"1746 Hart Hwy V2K 2X6 Prince George bc - myLPG.eu"
-122.782479,53.917397,Husky,"835 Central st w V2M 3C8 Prince George bc - myLPG.eu"
-122.734378,53.916006,"Canadian Propane","675 1st Ave V2L 2Y2 Prince George bc - myLPG.eu"
-110.892541,53.903848,"Wozniak Bulk Fuel Sales","4505 57 Ave T0A 1A0 Elk Point ab - myLPG.eu"
-122.769781,53.884405,Husky,"2511 Range rd V2N 4G8 Prince George bc - myLPG.eu"
-122.80196123859,53.860098209714,"Four Rivers Co-op Gas Bar - Westgate","6749 Westgate Ave V2N 5T8 Prince George bc - myLPG.eu"
-122.815288,53.858291,"Bon Voyage Gas & Grocery","4488 Highway 16 w V2N 5N7 Prince George bc - myLPG.eu"
-107.036668,53.839761,"Big River Gas Bar","400 Hoehn rd S0J 0E0 Big River sk - myLPG.eu"
-101.249741,53.818873,"Michael's Corner Store","702 Gordon Ave R9A 1K5 The Pas mb - myLPG.eu"
-122.913104,53.8167,Petro-canada,"11480 Carmel dr V2N 5B8 Prince George bc - myLPG.eu"
-113.644389,53.795372,Husky,"9503 100th st T8R 1R2 Morinville ab - myLPG.eu"
-114.349541,53.733694,Esso,"Highway 43 n T0E 1A0 Gunn ab - myLPG.eu"
-113.648801,53.715865,"Al-razzaq Food & Gas","25415 Highway 37 T8T 0C6 Sturgeon County ab - myLPG.eu"
-111.746556,53.714862,"Two Hills Fast Gas","Highway 36 & Highway 45 T0B 4K0 Two Hills ab - myLPG.eu"
-113.217313,53.692676,"Fort Saskatchewan Gas Bar","9284 Southfort dr T8L 0C5 Fort Saskatchewan ab - myLPG.eu"
-114.591967,53.670452,"Darwell Trading Post","5002 Highway 633 T0E 0L0 Darwell ab - myLPG.eu"
-109.20157,53.635576,"C&l Service Centre","71 1st st e S0M 1H0 Lashburn sk - myLPG.eu"
-113.615674,53.624722,"Saint Albert Trail Husky","192 Saint Albert Trail T8N 0P7 St. Albert ab - myLPG.eu"
-115.769767,53.617866,Esso,"Highway 16 w & Niton Junction T0E 1S0 Niton Junction ab - myLPG.eu"
-112.33592,53.595303,Esso,"5321 Sawchuk st T0B 3H0 Mundare ab - myLPG.eu"
-110.524617,53.587685,"Ken's Auto & Diesel","99 Center st T0B 1G0 Dewberry ab - myLPG.eu"
-113.466922,53.585239,"Edmonton Gas Bar - Delton","12705 82nd st T5E 2S9 Edmonton ab - myLPG.eu"
-116.427608,53.582766,"Timberjack Home Hardware Building Centre","4840 2nd Ave T7E 1T6 Edson ab - myLPG.eu"
-113.4087987,53.5701755,"Niagara Car Wash","4315 118th Ave T5W 1A5 Edmonton ab - myLPG.eu"
-113.318181,53.567264,"Flying j","50 Pembina rd T8H 2G9 Sherwood Park ab - myLPG.eu"
-113.765788,53.563485,"Edmonton West Husky Travel Centre","26304 Township rd 531a T7X 5A3 Acheson ab - myLPG.eu"
-113.503446,53.551588,"Churchill Husky","10608 107th Ave T5H 0W4 Edmonton ab - myLPG.eu"
-113.475736,53.548509,"Riverview Husky","9208 Jasper Ave nw T5H 3T4 Edmonton ab - myLPG.eu"
-113.884134,53.543465,"Spruce Grove Gas Bar","120 Century Crossing T7X 0C0 Spruce Grove ab - myLPG.eu"
-113.536486,53.542813,Esso,"12415 102 Ave T5N 0M2 Edmonton ab - myLPG.eu"
-113.6379464,53.5329835,"Primrose Husky","9774 182th st T5T 3T9 Edmonton ab - myLPG.eu"
-114.005224,53.531564,"Stony Plain Gas Bar","4907 49th Ave T7Z 1W6 Stony Plain ab - myLPG.eu"
-113.097623,53.512485,Esso,"52403 Range rd 220 T8E 2H7 Ardrossan ab - myLPG.eu"
-112.045262,53.492659,Petro-canada,"4744 50 Ave T9C 1S1 Vegreville ab - myLPG.eu"
-112.059575,53.492013,"Vegreville Gas Bar","4906 51st st T9C 1R4 Vegreville ab - myLPG.eu"
-113.369764459,53.467791944714,"Edmonton Gas Bar - Silverberry","1712 34th Ave nw T6T 0N9 Edmonton ab - myLPG.eu"
-113.43404,53.458981,"Centex Millwoods","2831 66 st nw T6L 6N3 Edmonton ab - myLPG.eu"
-113.478747,53.426802,"Hughes Petroleum Ltd","721 Parsons rd T6X 0N9 Edmonton ab - myLPG.eu"
-117.554963,53.408023,Esso,"438 Smith st T7V 2A1 Hinton ab - myLPG.eu"
-112.810977,53.396265,"Countryside Service","20002 Township rd 512 T0B 4J1 Beaver County ab - myLPG.eu"
-117.600231,53.395543,"Hinton Husky","471 Gregg Ave T7V 1N1 Hinton AB - myLPG.eu"
-113.244546,53.380402,Esso,"51073 Highway 21 T8B 1K5 Sherwood Park ab - myLPG.eu"
-112.67162294051,53.365632792611,"Tofield Tempo & Grill","5024 46 Ave T0B 4J0 Tofield ab - myLPG.eu"
-113.732214,53.364563,Esso,"17 Superior st T9G 1Y9 Devon ab - myLPG.eu"
-113.416217,53.35523,Husky,"5204 50th st T4X 1E5 Beaumont ab - myLPG.eu"
-110.858006,53.354246,"Vermilion Gas Bar","5136 50th Ave T9X 1Y9 Vermilion ab - myLPG.eu"
-110.851108,53.350562,"Ufa Vermillion","4908 47 Ave T9X 1J6 Vermillion ab - myLPG.eu"
-104.025933,53.347639,"Nipawin Gas Bar","1517 Highway 35 s S0E 1E0 Nipawin sk - myLPG.eu"
-113.54240612513,53.338443330257,"Flying j","302 20th Ave T9E 7T8 Nisku ab - myLPG.eu"
-113.5425456,53.3384113,"Flying j","302 20th Ave T9E 7T8 Nisku ab - myLPG.eu"
-111.180327,53.334247,"Ufa Manville Petroleum","5007 47 Ave T0B 2W0 Mannville ab - myLPG.eu"
-113.544115,53.301193,Esso,"7902 Sparrow dr T9E 7G2 Leduc ab - myLPG.eu"
-110.006399,53.295396,Husky,"5906 50th Ave T9V 0X6 Lloydminster ab - myLPG.eu"
-109.979783,53.277848,"Ironwells Co-op Gas Bar","4031 44 st S9V 2H1 Lloydminster sk - myLPG.eu"
-110.027624,53.277706,Husky,"5721 44th st T9V 0B3 Lloydminster ab - myLPG.eu"
-113.551815,53.268675,"Leduc Gas Bar - City Center","5403 50th st T9E 6Z7 Leduc ab - myLPG.eu"
-113.800104,53.264814,"Calmar Gas Bar","4613 50th Ave T0C 0V0 Calmar ab - myLPG.eu"
-113.806594,53.26463,"Fas Gas Calmar Service","5001 50th Ave T0C 0V0 Calmar ab - myLPG.eu"
-113.55933,53.264381,Husky,"5213 50th Ave T9E 6T2 Leduc AB - myLPG.eu"
-110.006137,53.25408,"18th Street Crossing Co-op","5002 18 st T9V 1V4 Lloydminster ab - myLPG.eu"
-112.237449,53.228766,Esso,"4928 46th Ave T0B 2C0 Holden ab - myLPG.eu"
-106.387415,53.228308,"Lake Country Co-op Gas Bar","Sk-55 & Saskatchewan 3 S0J 2E0 Shellbrook sk - myLPG.eu"
-114.994644,53.221044,Husky,"5829 50th Ave T7A 1S6 Drayton Valley ab - myLPG.eu"
-105.760973,53.198761,"Prince Albert Gas Bar - 2nd Avenue West","228 16th st w S6V 3V5 Prince Albert sk - myLPG.eu"
-105.730154,53.198378,"Prince Albert Gas Bar - Cornerstone","779-801 15th st e S6V 0C7 Prince Albert sk - myLPG.eu"
-105.73853965474,53.179937090404,"Prince Albert Gas Bar - Marquis Road","3600 5th Ave e S6V 8C4 Prince Albert sk - myLPG.eu"
-113.826653,53.106771,"Smith Hardware","14 2nd Ave T0C 2X0 Winfield ab - myLPG.eu"
-111.785666,53.095302,Esso,"Highway 14 & Highway 36 T0B 4N0 Viking ab - myLPG.eu"
-113.470364,53.090488,Petro-canada,"5003 45th Ave T0C 1Z0 Millet ab - myLPG.eu"
-113.469958,53.090105,Petro-canada,"4402 50th st T0C 1Z0 Millet ab - myLPG.eu"
-112.807237,53.018456,"Camrose Gas Bar","3910 48th Ave T4V 1V2 Camrose ab - myLPG.eu"
-112.807357,53.004139,Petro-canada,"3901 42 Ave T4V 4M6 Camrose ab - myLPG.eu"
-122.50577,52.99434,"Cariboo Propane","1410 Highway 97 n V2J 2Y6 Quesnel bc - myLPG.eu"
-113.390296,52.971804,"Wetaskiwin Bulk Sales","5050 56th st T9A 1V9 Wetaskiwin ab - myLPG.eu"
-114.026036,52.964906,Petro-canada,"2 Village dr T0C 2V0 Westerose ab - myLPG.eu"
-113.361543,52.960295,"Midwest Propane","4510 40 Ave T9A 2C1 Wetaskiwin ab - myLPG.eu"
-113.836095,52.95957,"Falun Gas Bar","Highway 13 T0C 1H0 Falun ab - myLPG.eu"
-113.389503,52.95936,Husky,"3915 56th st T9A 2B1 Wetaskiwin ab - myLPG.eu"
-114.817893,52.930944,"b & j Petroleum","Ab-13  T0L 0T0 Buck Lake ab - myLPG.eu"
-118.079164,52.880184,Petro-canada,"300 Connaught dr T0E 1E0 Jasper ab - myLPG.eu"
-112.264285,52.866286,"Larson's Waterwell","5303 51 Ave T0B 2V0 Lougheed ab - myLPG.eu"
-102.394054,52.856791,"Hudson Bay Gas Bar","410 4th Ave S0E 0Y0 Hudson Bay sk - myLPG.eu"
-110.837678,52.844619,"Wainwright Gas Bar","2315 15th Ave T9W 1L5 Wainwright ab - myLPG.eu"
-110.849963,52.843032,Petro-canada,"1405 14 Ave T9W 1E4 Wainwright ab - myLPG.eu"
-104.047614,52.842153,"Tisdale Gas Bar","360 100a st S0E 1T0 Tisdale sk - myLPG.eu"
-111.842112,52.79454,"Killam Cardlock","4600 Highway 36 n T0B 2L0 Killam ab - myLPG.eu"
-108.303264,52.791859,"North Battleford Gas Bar","9800 Territorial dr S9A 3W6 North Battleford sk - myLPG.eu"
-112.785817,52.786454,"Ufa Bawlf","203 Railway Ave T0B 0J0 Bawlf ab - myLPG.eu"
-108.298574,52.784931,Esso,"1892 100th st S9A 0W9 North Battleford sk - myLPG.eu"
-108.299387,52.77382,"Cadillac Husky","1121 Highway 4 S0N 0K0 Cadillac sk - myLPG.eu"
-108.27345,52.762785,"North Battleford Gas Bar","601 Carlton Trail S9A 4A9 North Battleford sk - myLPG.eu"
-110.460201,52.759802,"Waddell Home Hardware","5016 50th Ave T0B 1K0 Edgerton ab - myLPG.eu"
-108.31853,52.74247,"Shin & Lee Enterprise","500 5th Ave w S0M 0E0 Battleford sk - myLPG.eu"
-108.30584276686,52.729444514195,"Battleford Gas Bar","81 Battleford Crossing S0M 0E0 Battleford sk - myLPG.eu"
-110.142915,52.692849,"Goodall Motors Ltd","111 Main st T0B 0V0 Chauvin ab - myLPG.eu"
-113.594612,52.674782,"Ponoka Gas Bar","4700 Highway 2a T4J 1K3 Ponoka ab - myLPG.eu"
-111.313043,52.669864,Petro-canada,"4631 49th st T0B 2L0 Hardisty ab - myLPG.eu"
-114.2422353,52.639335,"Evergreen Co-op Gas Bar - Rimbey","4625 51st st T0C 2J0 Rimbey ab - myLPG.eu"
-114.231811,52.639226,"Rimbey Fas Gas","4639 50 Ave T0C 2J0 Rimbey ab - myLPG.eu"
-105.745883,52.632756,"Wakaw Gas Bar","Highway 2 & Highway 41 S0J 0K0 Wakaw sk - myLPG.eu"
-119.1139,52.604556,"Little Fort Husky","9844 Highway 5 V0E 2C0 Little Fort bc - myLPG.eu"
-112.976321,52.580483,"Ufa Bashaw","4510 50th st T0B 0H0 Bashaw ab - myLPG.eu"
-106.018887,52.519019,"Alvena Gas Bar","100 Railway Ave S0K 0E0 Alvena sk - myLPG.eu"
-113.716056,52.477321,"Lacombe Gas Bar","5850 Highway 2a T4L 2G5 Lacombe ab - myLPG.eu"
-114.042086,52.465136,Esso,"4705 50 Ave T0C 2J0 Rimbey ab - myLPG.eu"
-113.753623,52.462452,Petro-canada,"6209 50 Ave T4L 1K7 Lacombe ab - myLPG.eu"
-113.941977,52.461819,"Wooden Shoe","40 Lakeview Ave T0C 0J0 Bentley ab - myLPG.eu"
-103.86265,52.442032,"Archerwill Gas Bar","200 Highway 35 S0E 0B0 Archerwill sk - myLPG.eu"
-109.149607,52.435116,"Unity Gas Bar","445 Highway 14 S0K 4L0 Unity sk - myLPG.eu"
-104.500557,52.419821,"Naicam Gas Bar","311 5th Ave S0K 2Z0 Naicam sk - myLPG.eu"
-104.500095,52.419498,"Prairie North Co-op Gas Bar - Naicam","311 5th Ave S0K 2Z0 Naicam sk - myLPG.eu"
-108.69389,52.409383,"Wilkie Gas Bar","705 2nd Ave e S0K 4W0 Wilkie sk - myLPG.eu"
-114.915854,52.379783,"Rocky Mountain House Gas Bar","5311 48th st T4T 1A1 Rocky Mountain House ab - myLPG.eu"
-114.943605,52.377142,"Rocky Mountain House Bulk Plant","Highway 11a w T4T 1A5 Rocky Mountain House ab - myLPG.eu"
-113.794442,52.373287,"Blackfalds Gas Bar","4501 Broadway Ave T0M 0J0 Blackfalds ab - myLPG.eu"
-114.904982,52.366128,"Rocky Mountain House Gas Bar","4320 44th st T4T 1B7 Rocky Mountain House ab - myLPG.eu"
-109.935403,52.347787,Petro-canada,"Highway 14 S0L 2C0 Macklin sk - myLPG.eu"
-106.579893,52.328755,"Warman Gas Bar","810 Centennial Blvd #35 S0K 4S0 Warman sk - myLPG.eu"
-112.728098,52.325376,"Hankook Esso","6102 50th Ave T0C 2L2 Stettler ab - myLPG.eu"
-112.730518,52.324603,"Stettler Gas Bar","4821 62nd st T0C 2L2 Stettler ab - myLPG.eu"
-112.73976,52.324488,"Reinbold Petroleum - Ufa Bulk Sales","7007a 50 Ave T0C 2L0 Stettler ab - myLPG.eu"
-106.099839,52.318433,"Vonda Gas Bar","100 Lerew st S0K 4N0 Vonda sk - myLPG.eu"
-113.838853,52.316412,"Red Deer Bulk Plant l & r Fuel Distribution","8120 Edgar Industrial dr T4P 3R2 Red Deer ab - myLPG.eu"
-106.670236,52.295658,"Martensville Gas Bar","200 Centennial dr n S0K 2T0 Martensville sk - myLPG.eu"
-113.845419,52.289869,"Lo-cost Propane","6709b Golden West Ave T1H 0P2 Red Deer ab - myLPG.eu"
-113.838702,52.289167,"Red Deer Gas Bar","6730 Taylor dr T4P 1K4 Red Deer ab - myLPG.eu"
-113.873228,52.28855,"Fas Gas Burnt Lake Service","101 Burnt Lake Trail T4S 2L4 Red Deer County ab - myLPG.eu"
-113.849289,52.287385,"Flying j","6607 67th st T4P 1A4 Red Deer ab - myLPG.eu"
-113.78874,52.259121,Husky,"3929 39th st T4N 6R9 Red Deer ab - myLPG.eu"
-113.764782,52.254632,"Red Deer Gas Bar","69 Dunlop st T4R 2H6 Red Deer ab - myLPG.eu"
-105.115274,52.20192,"Humboldt Gas Bar","300 8th Ave S0K 2A0 Humboldt sk - myLPG.eu"
-106.67004,52.19657,"Flying j","3850 Idylwyld dr n S7P 0A1 Saskatoon sk - myLPG.eu"
-106.644638,52.173623,"Saskatoon Gas Bar - 51st Street","922 51st st e S7K 7K2 Saskatoon sk - myLPG.eu"
-106.633447,52.172734,"Husky Food Store","250 Primrose dr S7K 6Y6 Saskatoon sk - myLPG.eu"
-106.634525,52.170309,"Lawson Husky Market","101 Cree Cres S7K 7C2 Saskatoon sk - myLPG.eu"
-106.674805,52.156329,"Saskatoon Gas Bar - Avenue c","311 Circle dr w S7L 7C6 Saskatoon sk - myLPG.eu"
-106.617692,52.148699,"Saskatoon Gas Bar - Preston Crossing","1755 Preston Ave n S7N 4V2 Saskatoon sk - myLPG.eu"
-106.574323,52.14682,"Saskatoon Gas Bar - Attridge","402 Ludlow st S7S 1M7 Saskatoon sk - myLPG.eu"
-106.695801,52.144077,"Saskatoon Gas Bar - Westview","1628 33rd st w S7L 0X3 Saskatoon sk - myLPG.eu"
-106.675474,52.12953,"Saskatoon Gas Bar - 22nd Street","322 22nd st w S7M 0R3 Saskatoon sk - myLPG.eu"
-106.727104,52.12785,"Saskatoon Gas Bar - Fairlight","3366 Fairlight dr S7M 5H9 Saskatoon sk - myLPG.eu"
-106.754902,52.126725,"Saskatoon Gas Bar - Blairmore","104 Molland ln S7M 1L2 Saskatoon sk - myLPG.eu"
-106.617172,52.115146,"Saskatoon Gas Bar - 8th Street","2505 8th st e S7H 0V4 Saskatoon sk - myLPG.eu"
-101.251465,52.112191,"Swan River Gas Bar","261 Kelsey Trail R0L 1Z0 Swan River mb - myLPG.eu"
-119.311174,52.103868,"Blue River Husky Travel Centre","778 Highway 5 V0E 1J0 Blue River bc - myLPG.eu"
-101.042099,52.090414,"Tempo - Kolisnyk's General Store","221 Main st R0L 0L0 Cowan mb - myLPG.eu"
-111.438356,52.088593,Petro-canada,"4426 Railway Ave T0C 1C0 Coronation ab - myLPG.eu"
-114.314945,52.085213,"Spruce View Gas Bar","914 21st st T0M 1V0 Spruce View ab - myLPG.eu"
-106.645187,52.08367,"Saskatoon Gas Bar - Stonebridge","106 Stonebridge Blvd S7T 0J1 Saskatoon sk - myLPG.eu"
-113.93682135449,52.027041352386,"Innisfail Gas Bar","4303 50th st T4G 1P7 Innisfail ab - myLPG.eu"
-110.771729,52.00685,"Gateway Junction Gas","4812 47 st & Highway 12 T0C 1B0 Consort ab - myLPG.eu"
-116.74580926061,51.973321311274,"The Crossing Resort Service Station","Highway 93 And  Ab-11 T0L 1E0 Improvement District No. 9 ab - myLPG.eu"
-102.67268,51.956581,"Norquay Gas Bar","13 Highway 49 e S0A 2V0 Norquay sk - myLPG.eu"
-107.128413,51.926357,"Delisle Gas Bar","401 3rd st e S0L 0P0 Delisle sk - myLPG.eu"
-114.426887,51.882668,"Eagle Hill Gas Bar","34002 Range rd 40 T0M 1C0 Eagle Hill ab - myLPG.eu"
-105.033257,51.845512,Esso,"Highway 16 & Main st S0K 2M0 Lanigan sk - myLPG.eu"
-114.113657,51.795526,"Olds Gas Bar","5330 46th st T4H 1B8 Olds ab - myLPG.eu"
-105.746745,51.767162,"Young Gas Bar And Agro","301 1st Ave S0K 4Y0 Young sk - myLPG.eu"
-104.179145,51.765225,"Theodore Gas Bar","315 Yellowhead Hwy S0A 4C0 Theodore sk - myLPG.eu"
-104.172506,51.764578,"Wynyard Gas Bar","581 s Service rd S0A 4T0 Wynyard sk - myLPG.eu"
-105.469635,51.672288,"Watrous Gas Bar","104 1st Ave w S0K 4T0 Watrous sk - myLPG.eu"
-114.121625,51.663371,"Feeg’s Propane Ltd","1002 Bypass rd T0M 0W0 Didsbury ab - myLPG.eu"
-121.300904,51.632369,"Cariboo Supply & Marine","880 Alpine V0K 2E0 100 Mile House bc - myLPG.eu"
-113.494179,51.589886,"Linden Cardlock","701 Central Ave w T0M 1J0 Linden ab - myLPG.eu"
-101.90632562474,51.56446694045,"Kamsack Gas Bar","695 Railway st S0A 1S0 Kamsack sk - myLPG.eu"
-114.096765,51.564235,"Carstairs Gas Bar","404 9th Ave s T0M 0N0 Carstairs ab - myLPG.eu"
-108.00070583334,51.547636062562,"Rosetown Gas Bar","308 Highway 7 w S0L 2V0 Rosetown sk - myLPG.eu"
-102.668217,51.489534,"Tempo - Good Spirit Market Inc","Highway 229 S0A 0L0 Canora sk - myLPG.eu"
-107.062302,51.488001,"Outlook Gas Bar","402 Saskatchewan Ave S0L 2N0 Outlook sk - myLPG.eu"
-109.144821,51.474085,"Kindersley Gas Bar","701 11th Ave e S0L 1S0 Kindersley sk - myLPG.eu"
-112.695212,51.454879,"Drumheller Gas Bar","555 Highway 10 e T0J 0Y0 Drumheller ab - myLPG.eu"
-116.17629,51.424807,Petro-canada,"100 Village rd T0L 1E0 Lake Louise ab - myLPG.eu"
-104.537772,51.410797,"Raymore Gas Bar","Highway 6 n S0A 3J0 Raymore sk - myLPG.eu"
-114.01338,51.299094,"Airdrie Gas Bar","2700 Main st #800 T4B 2Y1 Airdrie ab - myLPG.eu"
-114.0075489,51.2688392,"Airdrie Co-op Gas Bar - Railway Gate","301 1 Midtown Boulevard sw T4B 4E7 Airdrie ab - myLPG.eu"
-101.34815,51.228183,"Roblin Gas Bar","119 Highway 5 e R0L 1P0 Roblin mb - myLPG.eu"
-102.482471,51.21045,"Yorkton Gas Bar","305 Broadway st w S3N 0N7 Yorkton sk - myLPG.eu"
-102.446231,51.207181,"Yorkton Gas Bar","110 Palliser Way S3N 4C6 Yorkton sk - myLPG.eu"
-98.350823,51.183191,"Gibsons One Stop","Highway 6 & 13 Pth R0C 0E0 Ashern mb - myLPG.eu"
-98.343298,51.182744,"Moosehorn Gas Bar","1 Main st R0C 2E0 Moosehorn mb - myLPG.eu"
-114.091402,51.168543,"Calgary Gas Bar - Panarama Hills","1111 Panatella Blvd nw T3K 0B8 Calgary ab - myLPG.eu"
-114.123315,51.160664,"Calgary Gas Bar - Creekside","11994 Symons Valley rd nw T3P 0A3 Calgary ab - myLPG.eu"
-100.486904,51.149229,"Gilbert Plains Gas Bar","22 Burrows Ave w R0L 0X0 Gilbert Plains mb - myLPG.eu"
-114.25613521432,51.147132928128,"Calgary Gas Bar - Rocky Ridge","11595 Rockyvalley dr nw T3G 5Y6 Calgary ab - myLPG.eu"
-114.138102,51.144914,"Calgary Gas Bar - Hamptons","1000 Hamptons dr nw #400 T3A 6A7 Calgary ab - myLPG.eu"
-100.063177,51.136838,"Dauphin Gas Bar","1301 Main st s R7N 2X7 Dauphin mb - myLPG.eu"
-114.069674,51.126151,"Calgary Gas Bar - Beddington","8220 Centre st ne T3K 1J7 Calgary ab - myLPG.eu"
-114.199373,51.124262,"Calgary Gas Bar - Crowfoot","35 Crowfoot Way nw T3G 2L4 Calgary ab - myLPG.eu"
-113.946058,51.111232,"Calgary Gas Bar - Taradale","6520 Falconridge Blvd ne #200 T3J 3W6 Calgary ab - myLPG.eu"
-114.14613,51.101421,"Calgary Gas Bar - Dalhousie","5505 Shaganappi Trail nw T3A 1Z6 Calgary ab - myLPG.eu"
-114.131666,51.08816,"Calgary Gas Bar - Brentwood","4122 Brentwood rd nw T2L 1K8 Calgary ab - myLPG.eu"
-97.604955,51.082613,"Fisher Branch Gas Bar","22 Tache st R0C 0Z0 Fisher Branch mb - myLPG.eu"
-114.000082,51.080863,Husky,"2525 32th Ave ne T1Y 6B7 Calgary ab - myLPG.eu"
-113.957988,51.074632,"Calgary Gas Bar - Village Square","2520 52nd st ne T1Y 3R5 Calgary ab - myLPG.eu"
-114.002778,51.073728,"Canpro Gas & Propane","2464 23 Avenue ne T2E 8J4 Calgary ab - myLPG.eu"
-114.16066,51.072248,"Montgomery Husky","4639 Bowness rd nw T3B 0B2 Calgary ab - myLPG.eu"
-114.161153,51.070668,"Calgary Gas Bar - Montgomery","4608 16th Ave nw T3B 0M8 Calgary ab - myLPG.eu"
-114.050705,51.067152,"Calgary Gar Bar - North Hill","540 16th Ave ne T2E 1K4 Calgary ab - myLPG.eu"
-114.211907,51.059437,"Calgary Gas Bar - West Springs","917 85th st sw #500 T3H 5Z9 Calgary ab - myLPG.eu"
-113.398712,51.039232,"Strathmore Husky Travel Centre","436 Ridge rd T1P 1B5 Strathmore ab - myLPG.eu"
-113.987847,51.038119,"Calgary Gas Bar - Forest Lawn","3330 17th Ave se T2A 0P9 Calgary ab - myLPG.eu"
-113.954914,51.037608,"Forest Lawn Husky Market","5505 17th Ave se T2A 0W3 Calgary ab - myLPG.eu"
-113.399768,51.037,"Strathmore Gas Bar","715 Wheatland Trail T1P 1K1 Strathmore ab - myLPG.eu"
-114.158927,51.018502,"Calgary Gas Bar - Richmond Road","4940 Richmond rd sw T3E 6K4 Calgary ab - myLPG.eu"
-113.959939,51.009056,"Calgary Gas Bar - Eastfield","5250 50th Ave se T2B 3T1 Calgary ab - myLPG.eu"
-114.052749,51.0016,"Manchester Husky","510 58 Ave se T2H 0P6 Calgary ab - myLPG.eu"
-114.071653,50.992306,"Calgary Gas Bar - Kingsland","6905 Macleod Trail s T2H 0L6 Calgary ab - myLPG.eu"
-114.002241,50.991418,"Ogden Gas Plus & U-haul","6813 Ogden rd se T2C 1B3 Calgary ab - myLPG.eu"
-114.04409,50.98787,"Calgary Gas Bar - Heritage Towne Centre","6 Heritage Gate se T2H 3A7 Calgary ab - myLPG.eu"
-118.71598,50.984608,"Tappen Service And Groceries","5177 Trans Canada Hwy V0E 2X3 Tappen bc - myLPG.eu"
-114.071447,50.973583,"Calgary Gas Bar - Macleod Trail","8880 Macleod Trail s T2H 0M5 Calgary ab - myLPG.eu"
-114.119752,50.962745,"Calgary Gas Bar - Oakridge","2580 Southland dr sw T2V 4J8 Calgary ab - myLPG.eu"
-113.978957,50.949129,"Flying j","11511 40th st se T2H 1L4 Calgary ab - myLPG.eu"
-104.49654,50.939902,"Southey Gas Bar","215 Highway 6 S0G 4P0 Southey sk - myLPG.eu"
-102.81926,50.935338,"Melville Gas Bar","200 Bailey dr S0A 2P0 Melville sk - myLPG.eu"
-114.02791186243,50.931352250274,"Calgary Gas Bar - Deer Valley","1221 Canyon Meadows dr se #95 T2J 6G2 Calgary ab - myLPG.eu"
-113.97318694576,50.930446338453,"Calgary Gas Bar - South Trail Crossing","4307 130th Ave se #175 T2Z 3V8 Calgary ab - myLPG.eu"
-113.94622,50.914,"Calgary Gas Bar - Copperfield","15566 Mcivor Blvd se T2Z 4Y2 Calgary ab - myLPG.eu"
-119.457967,50.911522,Esso,"3891 Squilax-anglemont rd V0E 3L0 Scotch Creek bc - myLPG.eu"
-97.218005,50.909017,"Arborg Gas Bar","316 Main st R0C 0A0 Arborg mb - myLPG.eu"
-114.061969,50.900761,"Calgary Gas Bar - Shawnessy","250 Shawville Blvd sw #100 T2Y 2Z7 Calgary ab - myLPG.eu"
-106.286644,50.874099,"Tugaske Home & Agro Centre","110 Ogema st S0H 4B0 Tugaske sk - myLPG.eu"
-118.968305,50.837684,Esso,"913 Trans Canada Frontage rd V0E 2V0 Sicamous bc - myLPG.eu"
-121.328762,50.815858,Petro-canada,"1592 Cariboo Highway 97 n V0K 1H0 Cache Creek bc - myLPG.eu"
-121.325415,50.811706,Petro-canada,"1318 Cariboo Highway 97 s V0K 1K0 Clinton bc - myLPG.eu"
-112.450018,50.791596,Esso,"602 12th st  T0J 0B0 Bassano ab - myLPG.eu"
-101.287842,50.780465,"Russell Gas Bar","206 Main st R0J 1W0 Russell mb - myLPG.eu"
-114.324599,50.758151,"Millarville Motors & Supply co","100a Millarville rd T0L 1K0 Millarville ab - myLPG.eu"
-111.182692,50.745877,"Jenner Sales & Service","Highway 884 & Highway 555 T0J 1W0 Jenner ab - myLPG.eu"
-101.020047,50.741441,"Rossburn Gas Bar","68 Main st s R0J 1V0 Rossburn mb - myLPG.eu"
-113.147062,50.736576,"Arrowwood Cardlock","222 Railway Ave e T0L 0B0 Arrowwood ab - myLPG.eu"
-127.49912159392,50.720419930919,Esso,"8945 Granville st V0N 2P0 Port Hardy bc - myLPG.eu"
-113.977324,50.71457,"Okotoks Gas Bar","31 Southridge dr #111 T1S 2N3 Okotoks ab - myLPG.eu"
-120.335391,50.712592,Esso,"1301 Salish rd V2H 1J9 Kamloops bc - myLPG.eu"
-120.33543391534,50.712367810177,Esso,"1301 Salish rd V2H 1J9 Kamloops bc - myLPG.eu"
-120.336241,50.711784,Esso,"1271 Salish rd V2H 1K1 Kamloops bc - myLPG.eu"
-104.813451,50.709011,"Craven Gas","Highway 20 S0G 0W0 Craven sk - myLPG.eu"
-119.249373,50.706532,"Salmon Arm Gas Bar","3100 10th Ave ne V1E 2S2 Salmon Arm bc - myLPG.eu"
-120.355329,50.68563,"Robo Carwash","228 Tranquille rd V2B 3G1 Kamloops bc - myLPG.eu"
-120.35516806746,50.685616404955,"Robo Carwash","228 Tranquille rd V2B 3G1 Kamloops bc - myLPG.eu"
-120.321495,50.67601,"Superior Propane","790 Victoria st V2C 2B6 Kamloops bc - myLPG.eu"
-120.3551840172,50.67052599856,"Sahali Husky","884 w Columbia st V2C 1L1 Kamloops bc - myLPG.eu"
-120.355066,50.670492,"Sahali Husky","884 w Columbia st V2C 1L1 Kamloops bc - myLPG.eu"
-120.119146,50.66054,"Gateway Travel Centre","175 Kokanee Way V2C 6Z2 Kamloops bc - myLPG.eu"
-96.985484,50.631984,"Gimli Gas Bar","83 Centre st R0C 1B1 Gimli mb - myLPG.eu"
-113.868311,50.580454,"High River Gas Bar","1220 1st st se #200 T1V 0G8 High River ab - myLPG.eu"
-111.898705,50.574644,"Brooks Gas Bar","731 Alberta st T1R 1B9 Brooks ab - myLPG.eu"
-111.882427,50.554523,"Brooks Cardlock","7 st e T1R 1B9 Brooks ab - myLPG.eu"
-114.231351,50.534046,Esso,"100 Morrison rd T0L 1H0 Longview ab - myLPG.eu"
-103.662233,50.530718,"Dilke Gas Bar","805 Main st S0G 1C0 Dilke sk - myLPG.eu"
-103.678536,50.529506,"Indian Head Gas Bar","110 Highway 56 S0G 2K0 Indian Head sk - myLPG.eu"
-119.552393,50.500177,Petro-canada,"5668 Highway 97 V0E 1W0 Falkland bc - myLPG.eu"
-99.909077,50.498282,"Neepawa Gas Bar","50 Main st R0J 1H0 Neepawa mb - myLPG.eu"
-104.664704,50.494295,"Regina Gas Bar - Rochdale Crossing","5805 Rochdale Blvd S4P 3X5 Regina sk - myLPG.eu"
-104.62990485568,50.491096637979,"Sherwood Co-op Gas Bar-argyle","1181 Argyle st n S4P 3X5 Regina sk - myLPG.eu"
-120.817291,50.490258,"Copper Valley Grocery & Gas","18 Ponderosa st V0K 1W0 Logan Lake bc - myLPG.eu"
-104.594323,50.486158,"Regina Gas Bar - Winnipeg Street North","615 Winnipeg st n S4P 3X5 Regina sk - myLPG.eu"
-103.449394,50.47949,"Sintaluta Gas Bar","Main st S0G 4N0 Sintaluta sk - myLPG.eu"
-104.61907812898,50.471448534287,"Regina Gas Bar - Albert & Avonhurst","460 Albert st S4P 3X5 Regina sk - myLPG.eu"
-104.572948,50.454755,"Regina Gas Bar - Park & Dewdney","727 Dewdney Ave e S4P 3X5 Regina sk - myLPG.eu"
-104.392382,50.446726,"Emerald Park Gas Bar","11 Great Plains rd S4P 3X5 Emerald Park sk - myLPG.eu"
-104.53377,50.446302,"Regina Gas Bar - Prince of Wales","2020 Prince of Wales dr S4P 3X5 Regina sk - myLPG.eu"
-119.183298,50.446292,"Arjun - Esso","3210 Smith dr V0E 1B1 Armstrong bc - myLPG.eu"
-97.838697,50.436245,Petro-canada,"Highway 6 & Twin Lakes rd R0C 2S0 St. Laurent mb - myLPG.eu"
-103.265953,50.422751,"Wolseley Gas Bar","900 Front st S0G 5H0 Wolseley sk - myLPG.eu"
-103.139277,50.412186,"Whitewood Gas Bar","1206 Highway 1 S0G 5C0 Whitewood sk - myLPG.eu"
-105.51244856085,50.411604720099,"Moose Jaw Gas Bar","1592 9th Ave ne S6J 0A9 Moose Jaw sk - myLPG.eu"
-105.50629879629,50.411218342352,"Tempo - Prairie Oasis","Thatcher dr & Highway 1 e S6H 7B2 Moose Jaw sk - myLPG.eu"
-104.617191,50.409854,"Regina Gas Bar - South Albert","4327 Albert st S4P 3X5 Regina sk - myLPG.eu"
-113.257167,50.405445,"Petro-canada - Vulcan Auto Truck Stop","108 Service rd T0L 2B0 Vulcan ab - myLPG.eu"
-104.648735,50.404868,"Regina Gas Bar - Grasslands","4705 Gordon rd S4P 3X5 Regina sk - myLPG.eu"
-105.537797,50.394875,"Moose Jaw Gas Bar","500 1st Ave S6H 3M5 Moose Jaw sk - myLPG.eu"
-105.534744,50.391531,"Rockglen Gas Bar","150 Highway 2 s S0H 3R0 Rockglen sk - myLPG.eu"
-97.252005846558,50.38484786933,"Teulon Gas Bar","118 Highway 7 R0C 3B0 Teulon mb - myLPG.eu"
-105.557584,50.383842,"Moose Jaw Gas Bar","414 9th Ave sw S6H 5W8 Moose Jaw sk - myLPG.eu"
-102.58050638756,50.381856184787,"Broadview Gas Bar","107 Qu-appelle rd S0G 0K0 Broadview sk - myLPG.eu"
-113.781335,50.354222,Esso,"26th Ave & Highway 2 T0L 1R0 Nanton ab - myLPG.eu"
-113.766571,50.341874,"Flying j","2810 21st Ave T0L 1R0 Nanton ab - myLPG.eu"
-125.919246,50.311514,"Sayward Gas Bar","1590 Sayward rd V0P 1R0 Sayward bc - myLPG.eu"
-107.798722,50.300136,"Swift Current Gas Bar","1150 Central Ave n S9H 0G1 Swift Current sk - myLPG.eu"
-107.798428,50.274412,"Swift Current Gas Bar","350 2nd Ave se S9H 0G1 Swift Current sk - myLPG.eu"
-63.605624,50.252608,"A.r.p. Gaz","1039 Rue Titane G0G 1P0 Havre-st-pierre qc - myLPG.eu"
-96.067285,50.251398,"Lac du Bonnet Gas Bar","173 Minnewawa st R0E 1A0 Lac du Bonnet mb - myLPG.eu"
-117.81073,50.249521,Esso,"1101 Highway 23 V0G 1R0 Nakusp bc - myLPG.eu"
-99.838591,50.248271,"Erickson Gas Bar","48 Main st R0J 0P0 Erickson mb - myLPG.eu"
-99.838186,50.247163,"Minnedosa Gas Bar","28 2nd Ave se R0J 1E0 Minnedosa mb - myLPG.eu"
-119.092072,50.240166,"Lavington Superette","6015 Highway 6 V1B 3L9 Vernon bc - myLPG.eu"
-103.448398,50.220449,"Montmartre Agro Centre","104 Central Ave S0G 3M0 Montmartre sk - myLPG.eu"
-66.379115,50.215345,Petro-canada,"599 Boul Laure G4R 1X6 Sept-iles qc - myLPG.eu"
-98.949321629639,50.212354672865,"Gladstone Gas Bar","Highway 16 R0J 0T0 Gladstone mb - myLPG.eu"
-66.369709,50.20665,"Propane Nord-cotier","241 Avenue Kegaska G4R 1Z9 Sept-iles qc - myLPG.eu"
-95.876562,50.148384,"Pinawa Gas Bar","44 Burrows rd R0E 1L0 Pinawa mb - myLPG.eu"
-101.648966,50.141053,"Moosomin Gas Bar","119 e Access rd S0G 0N0 Moosomin sk - myLPG.eu"
-96.880168,50.139558,"Selkirk Gas Bar","275 Main st R1A 1S5 Selkirk mb - myLPG.eu"
-122.954411,50.138105,"Sabre Rentals","8021 Mons rd V0N 1B8 Whistler bc - myLPG.eu"
-97.322296,50.130732,"Stonewall Gas Bar","491 4th st e R0C 2Z0 Stonewall mb - myLPG.eu"
-102.622286,50.101356,"Kipling Gas Bar","101 Railway st S0G 2S0 Kipling sk - myLPG.eu"
-104.725559,50.095945,"Wilcox Gas Bar","Railway Ave S0G 5E0 Wilcox sk - myLPG.eu"
-96.664556,50.08711,"Oakbank Gas Bar","3 Co-op dr R0E 1J0 Oakbank mb - myLPG.eu"
-112.09965,50.067044,"Vauxhall Cardlock","205 1st Ave T0K 2K0 Vauxhall ab - myLPG.eu"
-110.68566,50.06276,"Medicine Hat Gas Bar","6 Northlands Way T1C 1Z2 Medicine Hat ab - myLPG.eu"
-96.508514,50.061777,"Beausejour Gas Bar","822 Park Ave R0E 0C0 Beausejour mb - myLPG.eu"
-125.212012,50.045177,"k T's General Store","685 Heriot Bay rd V0P 1N0 Quathiaski Cove bc - myLPG.eu"
-119.404227,50.035954,"Lake Country Husky","10550 Highway 97 n V4V 1V3 Winfield bc - myLPG.eu"
-125.275558,50.032426,"Superior Propane","1750 Willow st V9W 3M7 Campbell River bc - myLPG.eu"
-125.255695,50.024318,"Campbell River Gas Bar","940 Ironwood st V9W 5K7 Campbell River bc - myLPG.eu"
-110.664465,50.011041,"Medicine Hat Gas Bar","3030 13th Ave se T1B 1E3 Medicine Hat ab - myLPG.eu"
-96.952869,50.009676,"59'er Esso","847 Dunnings rd e R2C 2Z2 West Pine Ridge mb - myLPG.eu"
-110.6521842,49.9997602,"South Country Co-op Gas Bar - Strachan","1789 Strachan rd se T1B 4V7 Medicine Hat ab - myLPG.eu"
-98.767262,49.973507,"Macgregor Gas Bar","Pr-350 And Highway 1 R1N 3B3 Macgregor mb - myLPG.eu"
-98.322845,49.971783,"Portage la Prairie Gas Bar","2275 Saskatchewan Ave w R1N 3B3 Portage la Prairie mb - myLPG.eu"
-97.139858,49.961099,"Winnipeg Gas Bar - North Mcphillips","2615 Mcphillips st R2P 2P9 Winnipeg mb - myLPG.eu"
-98.27847,49.960719,"Portage la Prairie Gas Bar","150 River rd R1N 3B3 Portage la Prairie mb - myLPG.eu"
-97.092507,49.957457,"Winnipeg Gas Bar - North Main","2535 Main st R2V 4G4 Winnipeg mb - myLPG.eu"
-98.9396104,49.9563276,"Homestead Co-op Gas Bar","Highway 1 R1N 3B3 Austin mb - myLPG.eu"
-97.072412,49.956264,"Winnipeg Gas Bar - North Kildonan","1947 Henderson Hwy R2G 1P5 Winnipeg mb - myLPG.eu"
-97.229688,49.948789,"Winnipeg Gas Bar - Brookside","1850 Brookside Blvd R3C 2W6 Winnipeg mb - myLPG.eu"
-98.992095,49.946886,"Austin Gas Bar","66150 Tower Line rd R1N 3B3 Austin mb - myLPG.eu"
-97.195806,49.943162,"Winnipeg Gas Bar - Keewatin","1008 Keewatin st R2R 0Z5 Winnipeg mb - myLPG.eu"
-97.094383,49.936886,"Winnipeg Gas Bar - Rossmere","1070 Henderson Hwy R2K 2M5 Winnipeg mb - myLPG.eu"
-97.068331,49.9304,"Winnipeg Gas Bar - Gateway","1123 Gateway rd R2G 0A5 Winnipeg mb - myLPG.eu"
-119.384699,49.925072,"Okanagan Wash Zone Husky","150 Edwards rd V1X 7J5 Kelowna bc - myLPG.eu"
-119.38576115477,49.925030557352,"Okanagan Wash Zone Husky","150 Edwards rd V1X 7J5 Kelowna bc - myLPG.eu"
-119.392406,49.915587,Esso,"3650 Highway 97 n V1X 5C2 Kelowna bc - myLPG.eu"
-119.39238454233,49.91529684364,Esso,"3650 Highway 97 n V1X 5C2 Kelowna bc - myLPG.eu"
-97.171428,49.914438,"Winnipeg Gas Bar - Logan And Mcphillips","1101 Logan Ave R3E 1R1 Winnipeg mb - myLPG.eu"
-74.385041,49.911859,"Les Petroles R.l.","904 3e Rue G8P 1W7 Chibougamau qc - myLPG.eu"
-109.482513,49.910232,"Maple Creek Gas Bar","14 Pacific Ave S0N 1N0 Maple Creek sk - myLPG.eu"
-107.298882,49.908368,"Vanguard Store","1 Railway Ave S0N 2V0 Vanguard sk - myLPG.eu"
-97.07102,49.897909,"Winnipeg Gas Bar - Regent","1600 Regent Ave R2C 3B5 Winnipeg mb - myLPG.eu"
-97.04133,49.894885,"Winnipeg Gas Bar - Owen","1376 Regent Ave w R2C 3A8 Winnipeg mb - myLPG.eu"
-97.182789,49.892603,"Winnipeg Gas Bar - Ellice And Wall","1082 Ellice Ave R3G 0C9 Winnipeg mb - myLPG.eu"
-97.318709,49.881695,"Winnipeg Gas Bar - West Portage","3755 Portage Ave R3K 0X5 Winnipeg mb - myLPG.eu"
-119.464355,49.881583,Husky,"1575 Harvey Ave V1Y 6G1 Kelowna bc - myLPG.eu"
-97.097534,49.880724,"Winnipeg Gas Bar - Archibald","650 Archibald st R2J 0Y4 Winnipeg mb - myLPG.eu"
-97.222964,49.878878,"Winnipeg Gas Bar - Portage And Amherst","1925 Portage Ave R3J 0J5 Winnipeg mb - myLPG.eu"
-97.413253,49.876478,"Headingley Gas Bar","5540 Portage Ave R4H 1E8 Headingley mb - myLPG.eu"
-97.140519,49.871868,"Winnipeg Gas Bar - Osborne","345 Osborne st R3L 1Z6 Winnipeg mb - myLPG.eu"
-111.366658,49.869419,"Rainbow Gas Bar","701 7st Ave e T0K 0G0 Bow Island ab - myLPG.eu"
-97.257735,49.869144,"Winnipeg Gas Bar - Charleswood","3425 Roblin Blvd R3R 0C6 Winnipeg mb - myLPG.eu"
-119.57668061111,49.862267412724,"Ross rd Husky","2610 Ross rd V1Z 1M3 West Kelowna bc - myLPG.eu"
-119.57623,49.862219,"Ross rd Husky","2610 Ross rd V1Z 1M3 West Kelowna bc - myLPG.eu"
-119.58800628836,49.860685661348,Petro-canada,"1721 Ross rd V1Z 3E7 Kelowna bc - myLPG.eu"
-119.587899,49.860575,Petro-canada,"1721 Ross rd V1Z 3E7 Kelowna bc - myLPG.eu"
-97.151963,49.858238,"Winnipeg Gas Bar - Pembina And Taylor","747 Pembina Hwy R3M 2L9 Winnipeg mb - myLPG.eu"
-97.105782,49.857057,"Winnipeg Gas Bar - Saint Anne's","190 Saint Anne\'s rd R2M 2Z8 Winnipeg mb - myLPG.eu"
-97.194136,49.857012,"Winnipeg Gas Bar - Grant","1681 Grant Ave R3N 0M8 Winnipeg mb - myLPG.eu"
-99.962688,49.85584,"Brandon Gas Bar - 18th Street","300 18th st n R7A 7P3 Brandon mb - myLPG.eu"
-97.065804,49.854453,"Mississippi Jacks","1034 Beaverhill Blvd R2J 4B1 Winnipeg mb - myLPG.eu"
-100.93331,49.852409,"Virden Gas Bar","114 7th Ave R0M 2C0 Virden mb - myLPG.eu"
-119.480988,49.845223,"Mission Kelowna Husky","3802 Gordon dr V1W 3Y3 Kelowna bc - myLPG.eu"
-100.962279,49.842989,"White Owl","Highway 83 & Highway 257 R0M 2C0 Virden mb - myLPG.eu"
-119.48865,49.841646,Petro-canada,"3950 Lakeshore rd V1W 1V4 Kelowna bc - myLPG.eu"
-99.946343,49.839772,"Brandon Gas Bar - 6th Street","646 6th st R7A 3P1 Brandon mb - myLPG.eu"
-119.63136105026,49.828215446838,"Super Save Gas Station","2525 Dobbin rd V4T 2B4 West Kelowna bc - myLPG.eu"
-99.953148,49.82818,"Brandon Gas Bar - Richmond Avenue","1035 Richmond Ave R7A 1M5 Brandon mb - myLPG.eu"
-97.11271,49.820798,"Winnipeg Gas Bar - Saint Mary's","1621 Saint Mary\'s rd R2M 3W8 Winnipeg mb - myLPG.eu"
-97.197623,49.818702,"Winnipeg Gas Bar - Kenaston","1745 Kenaston Blvd R3Y 1V5 Winnipeg mb - myLPG.eu"
-112.12571,49.799793,"Bluewave Energy","6323 64 st T1G 2H2 Taber ab - myLPG.eu"
-97.19724,49.798713,"Winnipeg Gas Bar - Bridgwater","50 Centre st R3Y 0V7 Winnipeg mb - myLPG.eu"
-112.127814,49.78505,"Taber Gas Bar","6400 46th Ave T1G 2B1 Taber ab - myLPG.eu"
-112.146312,49.782278,"Taber Mohawk","5124 46th Ave T1G 2A7 Taber ab - myLPG.eu"
-97.157763,49.771172,"Winnipeg Gas Bar - Grandmont","3357 Pembina Hwy R3C 2G1 Winnipeg mb - myLPG.eu"
-94.468542,49.759474,"Sunset Strip Car Wash","1401 Highway 17 e P9N 1M1 Kenora on - myLPG.eu"
-123.142744,49.758202,Petro-canada,"41409 Government rd V0N 1T0 Garibaldi Highlands bc - myLPG.eu"
-77.635777,49.756664,"Lave Auto Matagami","95 Boul Matagami J0Y 2A0 Matagami qc - myLPG.eu"
-96.885929246697,49.745101194213,"Lorette Gas Bar","11 Laramee dr R0A 0Y0 Lorette mb - myLPG.eu"
-96.855613,49.734576,"Saint Anne Gas Bar","18 Dawson rd R0A 1R0 St. Anne mb - myLPG.eu"
-114.882805,49.732699,"Sparwood Husky","121 Aspen dr V0B 2G0 Sparwood bc - myLPG.eu"
-112.611433,49.727614,"Stop n go Food Store","1220 20th Ave T1M 1A4 Coaldale ab - myLPG.eu"
-123.151594,49.718636,"Diamond Head Motors","1008 Industrial Way V8B 0G9 Squamish bc - myLPG.eu"
-94.795591,49.715751,"Clearwater Market Inc","Highway 17 W P0X 1S0 Clearwater Bay ON - myLPG.eu"
-96.995382099258,49.712305027897,"Ile Des Chenes Gas Bar","643 Meadowlark Blvd R0A 0T0 Ile Des Chenes mb - myLPG.eu"
-96.98958,49.711133,"Ile Des Chenes Gas Bar","510 Main st R0A 0T0 Ile Des Chenes mb - myLPG.eu"
-106.574012,49.707912,"Lafleche Gas Bar","41 Main st S0H 2K0 Lafleche sk - myLPG.eu"
-112.809344,49.704714,"Anderson Park Mohawk","434 Mayor Magrath dr n T1H 6H7 Lethbridge ab - myLPG.eu"
-112.827828,49.701939,"Triangle Gas & Wash","231 2 Avenue a n T1H 5W2 Lethbridge ab - myLPG.eu"
-112.780774,49.694809,"Chinook Gas Bar & Touchless Car Wash","4140 4th Ave s #20 T1J 5K6 Lethbridge ab - myLPG.eu"
-112.891678,49.692428,"Westgate Gas Bar & Touchless Car Wash","330 University dr w #20 T1J 5C9 Lethbridge ab - myLPG.eu"
-83.685089,49.691501,"Hearst Husky Travel Centre","1565 Highway 11 w P0L 1N0 Hearst on - myLPG.eu"
-86.943975,49.680441,"Dan's General Store","6 Twilight Bay P0T 1M0 Geraldton on - myLPG.eu"
-112.804403,49.679693,"Southside Husky","1202 Mayor Magrath dr T1K 2R2 Lethbridge ab - myLPG.eu"
-103.028199,49.679451,"Stoughton Co-op Lumber Yard","512 Railway Ave S0G 4T0 Stoughton sk - myLPG.eu"
-124.983001,49.677805,"Courtenay Mohawk","2350 Cliffe Ave V9N 2L6 Courtenay bc - myLPG.eu"
-97.992218,49.675564,"Elm Creek Gas Bar","43 Church Ave R0G 0N0 Elm Creek mb - myLPG.eu"
-96.821981,49.673503,"Landmark Gas Bar","236 Main st R0A 0X0 Landmark mb - myLPG.eu"
-103.89519450003,49.669122477051,"Weyburn Gas Bar - Highway 13","Highway 13 & Highway 39 S4H 0W4 Weyburn sk - myLPG.eu"
-103.854748,49.668351,"Arcola Gas Bar","120 Highway 13 e S0C 0G0 Arcola sk - myLPG.eu"
-103.830522,49.667904,"Weyburn Gas Bar - 1st Avenue","1794 1st Ave S4H 3E8 Weyburn sk - myLPG.eu"
-103.8555,49.663543,"Weyburn Gas Bar - Coteau","115 Coteau Ave S4H 0W4 Weyburn sk - myLPG.eu"
-108.420841,49.646341,"Shaunavon Gas Bar","760 5th Ave w S0N 2M0 Shaunavon sk - myLPG.eu"
-115.955468,49.636771,Petro-canada,"660 304th st V1A 3H5 Kimberley bc - myLPG.eu"
-115.95562893254,49.636757103344,Petro-canada,"660 304th st V1A 3H5 Kimberley bc - myLPG.eu"
-102.2742884,49.6366412,"Carlyle Gas Bar","Highway 9 S0C 0R0 Carlyle sk - myLPG.eu"
-123.970632,49.636552,Petro-canada,"13525 Sunshine Coast Hwy V0N 2H1 Madeira Park bc - myLPG.eu"
-123.96953765872,49.636413032634,Petro-canada,"13525 Sunshine Coast Hwy V0N 2H1 Madeira Park bc - myLPG.eu"
-114.490659,49.635884,"Coleman Husky","8517 20th Ave T0K 0M0 Coleman ab - myLPG.eu"
-106.002449,49.634873,"Assiniboia Gas Bar","501 1st Ave w S0H 0B0 Assiniboia sk - myLPG.eu"
-115.622277,49.623134,"Fort Steele Resort & rv","10 Wardner Fort Steel rd V0B 1N0 Fort Steele bc - myLPG.eu"
-100.256864,49.620821,"White Owl","21 1st Ave e R0K 2C0 Souris mb - myLPG.eu"
-97.041076,49.60573,"Niverville Gas Bar","180 Main st R0A 1E0 Niverville mb - myLPG.eu"
-119.669832,49.604326,"Summerland Husky","13802 Highway 97 V0H 1Z1 Summerland bc - myLPG.eu"
-99.680142,49.594205,"Wawanesa Gas Bar","210 Provincial rd n R0K 2G0 Wawanesa mb - myLPG.eu"
-104.916389,49.573355,"Ogema Gas Bar","302 Railway Ave S0C 1Y0 Ogema sk - myLPG.eu"
-119.630625,49.57232,Esso,"6011 Highway 97 V0H 1X7 Summerland bc - myLPG.eu"
-99.290087,49.561858,"Apples - Esso","425 Broadway st R0K 0X0 Glenboro mb - myLPG.eu"
-96.756374,49.5329,"Mitchell Gas Bar","24 Centre st R5G 1G8 Mitchell mb - myLPG.eu"
-115.753964,49.523694,"Husky Food Store","1216 Cranbrook st V1C 3S5 Cranbrook bc - myLPG.eu"
-96.690692,49.522948,"Steinbach Gas Bar","111 Provincial Trunk Highway 12 n R5G 1V1 Steinbach mb - myLPG.eu"
-96.650247,49.517345,"Steinbach Gas Bar","944 Main st R5G 1Z9 Steinbach mb - myLPG.eu"
-98.001595,49.509686,"Carman Gas Bar","61 Main st n R0G 0J0 Carman mb - myLPG.eu"
-98.002241,49.508612,"Altona Gas Bar","20 Centre Ave w R0G 0B0 Altona mb - myLPG.eu"
-113.94993,49.493369,"Pincher Creek Gas Bar","1300 Hewetson Ave T0K 1W0 Pincher Creek ab - myLPG.eu"
-119.592606,49.483019,"Fairview Husky","1436 Fairview rd V2A 6A2 Penticton bc - myLPG.eu"
-104.298831,49.464053,"Radville Gas Bar","122 Hunt st S0C 2G0 Radville sk - myLPG.eu"
-96.9848459,49.4552581,"St. Pierre Car Wash","30075 Highway 59 e R0A 1V0 St-pierre-jolys mb - myLPG.eu"
-117.558376,49.44606,"Maple Leaf Store","1303 Highway 6 V0G 1H0 Crescent Valley bc - myLPG.eu"
-124.673615,49.434226,Esso,"6970 Island Highway w V0R 1G0 Bowser bc - myLPG.eu"
-98.657538,49.414221,"la Salle Gas Bar","110 4th Ave R0G 1B0 la Salle mb - myLPG.eu"
-123.523638,49.407087,"Park Road Automotive","661 Park rd V0N 1V7 Gibsons bc - myLPG.eu"
-96.869108,49.40689,"Grunthal Gas Bar","383 Main st R0A 0R0 Grunthal mb - myLPG.eu"
-105.122058,49.398827,"Bengough Gas Bar","140 3rd st e S0C 0K0 Bengough sk - myLPG.eu"
-119.605085,49.395943,Petro-canada,"210 Highway 97 s V0H 1K0 Kaleden bc - myLPG.eu"
-119.60557852646,49.395915069485,Petro-canada,"210 Highway 97 s V0H 1K0 Kaleden bc - myLPG.eu"
-115.298435,49.376393,"Jaffray Shell","Crowsnest Hwy 93 & Tie Lake rd V0B 1T0 Jaffray bc - myLPG.eu"
-121.439873,49.374256,Shell,"191 Hope Princeton Way V0X 1L0 Hope bc - myLPG.eu"
-98.989202,49.36087,"Mariapolis Gas Bar","120 Saint Paul st R0K 1K0 Mariapolis mb - myLPG.eu"
-124.299236,49.318734,Petro-canada,"431 Island Hwy V9P 2H1 Parksville bc - myLPG.eu"
-96.948725,49.317399,"Saint Malo Gas Bar","21103 Highway 59 R0A 1T0 St. Malo mb - myLPG.eu"
-123.08547,49.316846,Husky,"351 w 3rd st V7M 1G3 North Vancouver bc - myLPG.eu"
-124.29059,49.316122,Husky,"650 e Island Hwy V9P 1V6 Parksville bc - myLPG.eu"
-124.276285,49.314737,Esso,"961 e Island Hwy V9P 2E2 Parksville bc - myLPG.eu"
-117.659617,49.309011,"Castlegar Mohawk","1415 Columbia Ave V1N 2W4 Castlegar bc - myLPG.eu"
-124.360393,49.306493,"Parksville Gas Bar","1401 Alberni Hwy V9P 2B8 Parksville bc - myLPG.eu"
-123.032643,49.305055,Petro-canada,"185 Mountain Hwy V7J 2K6 North Vancouver bc - myLPG.eu"
-123.064086,49.285109,Husky,"1955 Powell st V5L 1J2 Vancouver bc - myLPG.eu"
-100.987657,49.275951,"Melita Gas Bar","8 Cameron dr R0M 1L0 Melita mb - myLPG.eu"
-123.100418,49.267477,"Propane Depot","1940 Main st V5T 3B9 Vancouver bc - myLPG.eu"
-100.986755,49.26728,"White Owl","Highway 3 & Highway 83 R0M 1L0 Melita mb - myLPG.eu"
-124.820895,49.263709,"Port Alberni Gas Bar","4885 Beaver Creek rd V9Y 7E1 Port Alberni bc - myLPG.eu"
-122.937543,49.255239,"Propane Depot","3390 Lake City Way V5A 3A6 Burnaby bc - myLPG.eu"
-124.808216,49.244211,Husky,"3714 3rd Ave V9Y 4G1 Port Alberni bc - myLPG.eu"
-122.75581,49.242561,"Hiway Fuels","1485 Coast Meridian V3C 5P1 Port Coquitlam bc - myLPG.eu"
-107.7326601,49.242057,"Cadillac Husky","1121 Highway 4 S0N 0K0 Cadillac sk - myLPG.eu"
-122.881907,49.240329,"Lougheed Husky","685 Lougheed Hwy V3K 3S5 Coquitlam bc - myLPG.eu"
-124.055596,49.238934,"Nanaimo Gas Bar","6673 Mary Ellen dr V9V 1T7 Nanaimo bc - myLPG.eu"
-98.542164,49.236941,"Red's Cafe","28 Main st R0G 1G0 Manitou mb - myLPG.eu"
-122.820458,49.233311,Petro-canada,"176 Golden dr V3K 6T1 Coquitlam bc - myLPG.eu"
-122.689753,49.231612,Petro-canada,"19181 Lougheed Hwy V3Y 2J5 Pitt Meadows bc - myLPG.eu"
-100.059364,49.230838,"Boissevain Gas Bar","578 Mill rd R0K 0E0 Boissevain mb - myLPG.eu"
-122.884256,49.230659,Husky,"465 Brunette Ave V3L 3G1 New Westminster bc - myLPG.eu"
-122.944842,49.226728,"Smart Gas","6869 Canada Way V5E 3R3 Burnaby bc - myLPG.eu"
-123.0654,49.221995,Husky,"6808 Victoria dr V5P 3Y7 Vancouver bc - myLPG.eu"
-122.58786127116,49.220232212467,Husky,"22882 Dewdney Trunk rd V2X 3K7 Maple Ridge bc - myLPG.eu"
-122.587872,49.220036,Husky,"22882 Dewdney Trunk rd V2X 3K7 Maple Ridge bc - myLPG.eu"
-122.62336955953,49.216847258241,"Maple Ridge Husky","21592 Lougheed Hwy V2X 2R7 Maple Ridge bc - myLPG.eu"
-122.623273,49.216623,"Maple Ridge Husky","21592 Lougheed Hwy V2X 2R7 Maple Ridge bc - myLPG.eu"
-122.971213,49.216205,"Afs Automotive Ltd","7438 Gilley Ave V5J 4X5 Burnaby bc - myLPG.eu"
-123.140001,49.212087,Petro-canada,"8072 Granville st V6P 4Z4 Vancouver bc - myLPG.eu"
-123.090483,49.210622,Petro-canada,"710 se Marine dr V5X 2T7 Vancouver bc - myLPG.eu"
-119.822987,49.206112,"Princeton Husky","580 Highway 3 w V0X 1W0 Princeton bc - myLPG.eu"
-124.001033,49.199997,"Nanaimo Gas Bar","2517 Bowen rd V9T 3L2 Nanaimo bc - myLPG.eu"
-122.86747,49.197295,"Fraserview Fas Gas","10732 128th st V3T 3A2 Surrey bc - myLPG.eu"
-123.983862,49.196778,"Superior Propane","2585 Mccullough rd V9S 4M9 Nanaimo bc - myLPG.eu"
-68.277404609787,49.195659165979,"Lavoie Propane","1732 Boul. Lafleche G5C 1C9 Baie-comeau qc - myLPG.eu"
-68.277587,49.195554,"Lavoie Propane","1732 Boul. Lafleche G5C 1C9 Baie-comeau qc - myLPG.eu"
-117.280659,49.193017,"The Salmo Pump","519 Railway Ave V0G 1Z0 Salmo bc - myLPG.eu"
-98.161206,49.1926054,"Winkler Co-op Gas Bar - Morden","11 Thornhill st R6M 1P4 Morden mb - myLPG.eu"
-123.171463,49.19257,Petro-canada,"5111 Grant Mcconachie Way V7B 0A4 Richmond bc - myLPG.eu"
-122.822466,49.191705,Petro-canada,"14419 104th Ave V3R 1M1 Surrey bc - myLPG.eu"
-122.75684552399,49.191307731747,"Surrey Gas Bar","16788 104th Ave V4N 1Z1 Surrey bc - myLPG.eu"
-123.124644,49.190539,Husky,"9060 Bridgeport rd V6X 1S1 Richmond bc - myLPG.eu"
-97.939269,49.189887,"Winkler Gas Bar","726 Main st R6W 4B2 Winkler mb - myLPG.eu"
-97.754332,49.185966,"Plum Coulee Gas Bar","Highway 14 R6W 4B2 Plum Coulee mb - myLPG.eu"
-99.661558,49.18462,"Minto Agro Centre","210 s Railway st R0K 1M0 Minto mb - myLPG.eu"
-101.446255,49.17695,"Gainsborough Gas Bar","95 Railway Ave S0C 0Z0 Gainsborough sk - myLPG.eu"
-122.900693,49.176812,"Chevron - hi lo Fuels","11614 96th Ave V4C 3W7 North Delta bc - myLPG.eu"
-122.691072,49.176808,Esso,"19186 96th Ave V4N 3R3 Surrey bc - myLPG.eu"
-123.8466373,49.1742157,"Mid Island Co-op Gas Bar - Gabriola Island","545 North rd V0R 1X0 Gabriola Island bc - myLPG.eu"
-122.955145,49.170002,"Shell Circle k","1291 Cliveden Ave V3M 6M3 Delta bc - myLPG.eu"
-121.957993,49.158764,Esso,"45736 Yale rd V2P 2N2 Chilliwack bc - myLPG.eu"
-122.40159389815,49.158399277883,"Silverdale Husky","29684 Lougheed Hwy V4S 1H3 Mission bc - myLPG.eu"
-122.401669,49.15828,"Silverdale Husky","29684 Lougheed Hwy V4S 1H3 Mission bc - myLPG.eu"
-122.823125,49.153369,Petro-canada,"8270 144th st V3W 5T5 Surrey bc - myLPG.eu"
-122.768224,49.152988,Esso,"16384 Fraser Hwy V4N 0G4 Surrey bc - myLPG.eu"
-122.006206,49.149902,"Chilliwack Gas Bar","44046 Progress Way V2R 0L2 Chilliwack bc - myLPG.eu"
-122.25623161111,49.149743894636,"Hatzic Gas Bar","34981 Lougheed Hwy V4W 1X7 Mission bc - myLPG.eu"
-122.942029,49.14869,"Superior Propane","10128 Nordel ct V4G 1J7 Delta bc - myLPG.eu"
-122.006265,49.148081,"Lickman Road Husky","8032 Lickman rd V2R 3Z9 Chilliwack bc - myLPG.eu"
-122.846044,49.147594,"Triple Nine Fas Gas","7999 King George Blvd V3W 5B3 Surrey bc - myLPG.eu"
-122.890098,49.145282,Husky,"7812 120th st V3W 3N2 Surrey bc - myLPG.eu"
-125.891782,49.144969,"Tofino Gas Bar","797 Campbell st V0R 2Z0 Tofino bc - myLPG.eu"
-102.968487,49.144674,"Estevan Gas Bar - Kensington","417 Kensington Ave S4A 0W1 Estevan sk - myLPG.eu"
-123.950175,49.144538,"Nanaimo Gas Bar","877 Bruce Ave V9R 4A1 Nanaimo bc - myLPG.eu"
-122.868184,49.141337,"Strawberry Hills Husky","7615 128th st V3W 4E6 Surrey bc - myLPG.eu"
-121.957947,49.140962,"Chilliwack Husky Travel Centre","7620a Vedder rd V2R 4E8 Chilliwack bc - myLPG.eu"
-123.013591,49.140766,"Tilbury Husky","7389 River rd V4G 1B2 Delta bc - myLPG.eu"
-102.987568,49.137628,"Estevan Gas Bar - 4th Street","802 4th st S4A 0W1 Estevan sk - myLPG.eu"
-96.564519,49.134338,"Vita Gas Bar","102 1st st w R5G 1V1 Vita mb - myLPG.eu"
-122.319079,49.134091,Esso,"7260 Park st V2V 6G8 Mission bc - myLPG.eu"
-66.466761,49.133572,"Quincallerie J.d. Lafontaine","2 Route Lavoie  G4V 1Y5 St-anne-des-monts qc - myLPG.eu"
-66.522713,49.12256,"Garage h. Michaud Inc","420 Boul Saint Anne G4V 1T3 St. Anne Des Monts qc - myLPG.eu"
-122.669105,49.117165,"Willowbrook Husky","6295 200th st V2Y 1A2 Langley bc - myLPG.eu"
-117.542231,49.116662,"Fruitvale Gas Bar","1967 Main st V0G 1L0 Fruitvale bc - myLPG.eu"
-123.8638,49.115798,"Millway Market","1594 Mcmillan rd V9R 5K2 Nanaimo bc - myLPG.eu"
-97.557844,49.106534,"Morris Gas Bar","122 Main st R0G 1K0 Morris mb - myLPG.eu"
-121.959754,49.106327,Esso,"5688 Vedder rd V2R 3N3 Chilliwack bc - myLPG.eu"
-122.738027,49.104297,"Cloverdale Husky","5604 175th st V3S 6A2 Surrey bc - myLPG.eu"
-117.681295,49.09831,"Glenmerry Husky","2845 Highway dr V1R 2T2 Trail bc - myLPG.eu"
-117.5649089,49.0970586,"Seven Summits Services Inc","1111 Nancy Greene Hwy V0G 1Y0 Rossland bc - myLPG.eu"
-123.04558,49.089849,"Delta Gas Bar","6420 Ladner Trunk rd V4K 3N3 Delta bc - myLPG.eu"
-116.501485,49.088461,"Creston Husky","631 20th Ave s V0B 1G5 Creston bc - myLPG.eu"
-122.53726296693,49.069745416705,"Aldergrove Gas Bar","24795 Fraser Hwy V4W 1X7 Aldergrove bc - myLPG.eu"
-122.379551,49.066043,"Abbotsford Gas Bar - Mount Lehman","30419 Blueridge dr V4X 2M9 Abbotsford bc - myLPG.eu"
-122.493184,49.060014,Esso,"26391 Fraser Hwy V4W 2Z7 Aldergrove bc - myLPG.eu"
-122.402935,49.057279,"Abbotsford Gas Bar","29622 Fraser Hwy V4X 1H2 Abbotsford bc - myLPG.eu"
-122.370769,49.055705,"Abbotsford Gas Bar - Blue Jay","2935 Blue Jay st V2T 5P5 Abbotsford bc - myLPG.eu"
-122.268722,49.04731,Esso,"34515 Old Yale rd V2S 8G2 Abbotsford bc - myLPG.eu"
-122.3375,49.044388,Esso,"2335 Clearbrook Rd V2T 2X6 Abbotsford BC - myLPG.eu"
-90.4693291,49.0440057,"Nipigon Husky Travel Centre","453 Trans Canada Hwy P0T 2J0 Nipigon on - myLPG.eu"
-90.469586592065,49.043947681604,"Nipigon Husky Travel Centre","453 Trans Canada Hwy P0T 2J0 Nipigon on - myLPG.eu"
-118.207797,49.0402,Esso,"1590 Mcgregor Frontage rd V0H 1E0 Christina Lake bc - myLPG.eu"
-122.270696,49.038534,"Sumas Husky","2047 Sumas Way V2S 8H6 Abbotsford bc - myLPG.eu"
-119.478653,49.036797,"Osoyoos Husky Travel Centre","9206 97th st V0H 1V5 Osoyoos bc - myLPG.eu"
-118.501073,49.014108,Petro-canada,"4105 Highway 3 V0H 1Y0 Rock Creek bc - myLPG.eu"
-125.56304984523,48.945581175915,"Ucluelet Gas Bar","2076 Peninsula rd V0R 3A0 Ucluelet bc - myLPG.eu"
-72.230431,48.882638,"Les Petroles R.l.","130 8e Ave G8L 1Z1 Dolbeau-mistassini qc - myLPG.eu"
-72.200433,48.88238,"Les Petroles R.l.","215 Rue de Quen G8L 5M3 Dolbeau-mistassini qc - myLPG.eu"
-72.197468,48.881295,"Gaz Expert","309 Rue de Quen G8L 5M3 Dolbeau-mistassini qc - myLPG.eu"
-72.234783,48.880366,"Dolbeau Oxygene Inc","303 8e Ave G8L 1Z6 Dolbeau-mistassini qc - myLPG.eu"
-72.219717,48.864501,"Depanneur Des Veterans","221 de la Friche G8L 3A7 Dolbeau qc - myLPG.eu"
-64.4887588,48.8416491,"Station Service p Cote et Fils","160 Boul Gaspe G4X 1A9 Gaspe qc - myLPG.eu"
-64.488780257672,48.841529061134,"Station Service p Cote et Fils","160 Boul. Gaspe G4X 1A9 Gaspe qc - myLPG.eu"
-72.517962,48.841158,"la Coop Des Deux Rives","1455 Ave du Rocher G8M 3X5 Normandin qc - myLPG.eu"
-67.56788,48.832766,"Gaz Propane Lamarre","15 Rue Durette G4W 3M6 Matane qc - myLPG.eu"
-124.048485,48.828635,"Cowichan Motors","137 Lake Cowichan rd V0R 2G0 Lake Cowichan bc - myLPG.eu"
-64.478004,48.822973,Couche-tard,"31 Boul York e G4X 2K9 Gaspe qc - myLPG.eu"
-71.876814,48.793052,"Potvin Mecanique","205 Rue Principale G0W 1R0 Girardville qc - myLPG.eu"
-123.709619,48.786012,"Duncan Gas Bar","1007 Canada Ave V9L 1V2 Duncan bc - myLPG.eu"
-79.200861,48.780176,"Superior Propane","189 Route 393 s J9Z 2X2 la Sarre qc - myLPG.eu"
-69.094335,48.73293,"Unimat Forestville","116 Route 138 o G0T 1E0 Forestville qc - myLPG.eu"
-71.668076,48.698825,"Extincteur Saguenay Lac-saint-jean","1030 1re Rue G0W 1Y0 L\'ascension-de-notre-seigneur qc - myLPG.eu"
-72.439435,48.661878,"Les Petroles R.l.","1090 Route 169 G8K 1J5 St. Felicien qc - myLPG.eu"
-71.819943,48.661293,Petro-canada,"385 Rue Principale   G0E 2X0 Taillon qc - myLPG.eu"
-123.55944632408,48.652752701583,"Peninsula Co-op Gas Bar - Mill Bay","805 Deloume rd V0R 3P1 Mill Bay bc - myLPG.eu"
-123.55847,48.652696,"Mill Bay Gas Bar","805 Deloume rd V0R 3P1 Mill Bay bc - myLPG.eu"
-72.451357,48.645864,Ultramar,"1020 Boul Hamel G8K 1X9 St. Felicien qc - myLPG.eu"
-79.114474,48.597794,"Transport Clément Bégin Inc","200 Rue du Parc Industriel J0Z 1M0 Sainte-germaine-boulé qc - myLPG.eu"
-68.201617,48.589601,"Plomberie Philippe Guy","1255 Boul. Benoit-gaboury G5H 3R8 Mont Joli qc - myLPG.eu"
-72.329473,48.588231,"au vr du Lac","470 Rue Principale G8K 3G5 St. Prime qc - myLPG.eu"
-68.185832,48.580164,"Super Soir Mont Joli","1766 Boul Gaboury G5H 3J2 Mont Joli qc - myLPG.eu"
-123.412175,48.565783,"Keating Gas Bar","2132 Keating Cross rd V8M 2A6 Saanichton bc - myLPG.eu"
-123.438379,48.565692,"Brentwood Bay Gas Bar","6739 w Saanich rd V8M 1J5 Brentwood Bay bc - myLPG.eu"
-123.39332333862,48.557244002752,"Victoria Gas Bar","6429 Pat Bay Hwy V8Y 1T8 Victoria bc - myLPG.eu"
-71.66793094841,48.529886033857,"Depanneur Vaillancourt","1555 Boul. Saint Jude G8B 3L3 Alma qc - myLPG.eu"
-123.430421,48.524027,"Tempo - Oldfield Service Save on Gas","5295 w Saanich rd V8M 2A2 Victoria bc - myLPG.eu"
-71.090037,48.522471,"Sonic Propane","2590 Boul Martel G0V 1L0 St. Honore qc - myLPG.eu"
-67.452276,48.492635,"Depanneur Jls Villeneuve de L'ouest Inc","643 Route 132 G5J 2G9 Amqui qc - myLPG.eu"
-123.38974,48.481824,"Glanford Auto","4233 Glanford Ave V8Z 4B9 Victoria bc - myLPG.eu"
-71.790971,48.479762,"Sonic Place du Pont","645 Rue du Pont G0W 2P0 St. Gedeon qc - myLPG.eu"
-123.410857,48.479128,"Victoria Gas Bar","4140 Wilkinson rd V8Z 5A7 Victoria bc - myLPG.eu"
-71.653293,48.46884,"Station Sonic Saint-bruno","133 Rue Melancon G0W 2L0 St-bruno-du-lac-st-jean qc - myLPG.eu"
-71.636544,48.466603,Sonicarte,"800 Rue Melancon G0W 2L0 St-bruno-du-lac-st-jean qc - myLPG.eu"
-123.500907,48.46469,"Victoria Gas Bar","2320 Millstream rd V9B 3R3 Victoria bc - myLPG.eu"
-68.517258,48.463086,"Depanneur Jessop ","356 Boul Jessop G5L 1M8 Rimouski qc - myLPG.eu"
-67.417185,48.454779,"Superior Propane","199 Boul. Saint Benoit e G5J 2C2 Amqui qc - myLPG.eu"
-123.332817,48.445085,Petro-canada,"3095 Shelbourne st V8R 4M9 Victoria bc - myLPG.eu"
-71.051113830688,48.44163311199,"Depanneur Sagniporo","1845 Boul. Tadoussac G7G 2N3 Chicoutimi Nord qc - myLPG.eu"
-71.051028,48.441505,"Depanneur Sagniporo","1845 Boul. Tadoussac G7G 2N3 Chicoutimi Nord qc - myLPG.eu"
-123.514534,48.434078,"Columbia Fuels","2596 Sooke rd V9B 1X7 Victoria bc - myLPG.eu"
-123.358733,48.432514,Husky,"2100 Quadra st V8T 4C5 Victoria bc - myLPG.eu"
-123.54749323303,48.426082234102,"Peninsula Co-op Gas Bar - West Shore Parkway","4397 West Shore Parkway V9B 5Z1 Langford bc - myLPG.eu"
-89.257161,48.409058,"Thunder Bay Travel Centre","1120 Alloy dr P7B 6C5 Thunder Bay on - myLPG.eu"
-71.227516,48.40733,Sonicarte,"3513 Rue de L\'energie G7X 9J1 Jonquiere qc - myLPG.eu"
-71.211081,48.406064,"Potvin & Bouchard","2395 Boul Rene Levesque G7S 6C1 Jonquiere qc - myLPG.eu"
-71.166833,48.40287,"Super Sagamie Langelier","2465 Rue Brodeu G7S 5P5 Jonquiere qc - myLPG.eu"
-71.064126,48.398163,"Co-op Nutrinor","1695 Boul. Talbot G7H 7Y4 Chicoutimi qc - myLPG.eu"
-68.658529,48.396899,"Depanneur le Bic","2207 Route 132 e G0L 1B0 Rimouski qc - myLPG.eu"
-71.080512,48.382213,"Alliance Auto-propane","160 Rue Des Routiers G7H 5B1 Chicoutimi qc - myLPG.eu"
-89.280833,48.381078,Petro-canada,"147 w Arthur st P7E 5P7 Thunder Bay on - myLPG.eu"
-64.612562,48.360619,"Entreprises Denis Dube","382 Boul Pabos G0C 2H0 Pabos qc - myLPG.eu"
-70.889331,48.336521,"Marche Saint-marc","1623 Rue Bagot G7B 2P9 la Baie qc - myLPG.eu"
-69.854585,48.253719,"Depanneur Coronet","401 Route 172 n G0T 1Y0 Sacre-coeur qc - myLPG.eu"
-78.988877,48.222873,"Les Depanneurs Gestimax","1350 Avenue Lariviere J9Y 0G3 Rouyn-noranda qc - myLPG.eu"
-65.82985,48.163577,"Les Petroles c. Poirier","125 Route 132 e G0C 1E0 Bonaventure qc - myLPG.eu"
-65.843511,48.151852,"Sports bg","148 Boul Perron e G0C 2B0 New Richmond qc - myLPG.eu"
-78.074718,48.129016,Petro-canada,"285 Route 117 J0Y 1C0 Cadillac qc - myLPG.eu"
-77.782031525131,48.115234629474,"Propane Nord-ouest","2701 Boul Jean-jacques Cossette J9P 6Y3 Val-d\'or qc - myLPG.eu"
-77.782171,48.115163,"Propane Nord-ouest","2701 Boul Jean-jacques Cossette J9P 6Y3 Val-d\'or qc - myLPG.eu"
-77.784283657394,48.110788725289,"Location Msn","1568 Rue Therese Lacroix J9P 6P3 Val-d\'or qc - myLPG.eu"
-77.786011,48.110538,"Location Msn","1568 Rue Therese Lacroix J9P 6P3 Val D\'or qc - myLPG.eu"
-66.216393,48.109596,"Superior Propane","122 Route 132 G0C 2Z0 St. Omer qc - myLPG.eu"
-66.118105,48.101589,"Garage Jean-yves Otis","668 Boul. Perron G0C 1J0 Carleton qc - myLPG.eu"
-65.469009,48.032922,"Les Petroles c. Poirier","125 Route 132 e G0C 1E0 Bonaventure qc - myLPG.eu"
-69.541768,47.850899,"Super Soir Cartier","80 Boul Cartier G5R 2M9 Riviere-du-loup qc - myLPG.eu"
-83.40022,47.821044,Esso,"418 Pineland rd P0M 1K0 Chapleau on - myLPG.eu"
-69.56473,47.819386,"Gaz Bar St-patrice Inc","256 Rue Fraser G5R 5T2 Riviere-du-loup qc - myLPG.eu"
-69.52336,47.814819,"Propane Select Inc","685 Boul Armand Theriault K1X 1X0 Riviere-du-loup qc - myLPG.eu"
-70.209829,47.688381,Solugaz,"4 Rue de la Riviere G4A 1B6 Clermont qc - myLPG.eu"
-65.635597,47.612723,"Maurice Gaz & Convenience","575 Rue Bridge E2A 1W7 Bathurst nb - myLPG.eu"
-68.6456657,47.5429781,"le Groupe Gaz-o-bar Inc","791 Rte 185 G5T 1P2 Ville Degelis qc - myLPG.eu"
-79.6904509,47.5196878,"Upi Energy lp","883317 Highway 11b P0J 1P0 New Liskeard on - myLPG.eu"
-69.955576,47.484243,"le Groupe Gaz o Bar","60 Route 132 o G0L 4K0 Trois Pistoles qc - myLPG.eu"
-69.203194,47.457796,"Garage Jacques Lamond Inc","908 Rue Principale G0L 1J0 Pohenegamook qc - myLPG.eu"
-72.775934,47.444386,"Les Petroles rl","393 Rue Bostonnais G9X 2G5 la Tuque qc - myLPG.eu"
-72.78158,47.409012,"Gaz p & b Inc","1161 Rue Des Bouleaux G9X 4J8 la Tuque qc - myLPG.eu"
-61.872651,47.400155,"bp Distribution Inc","288 Chemin Des Caps G4T 2S1 Fatima qc - myLPG.eu"
-65.533671,47.021479,"Courtesy Convenience And Gas","1709 King George Hwy E1V 5L7 Miramichi nb - myLPG.eu"
-70.581794,46.975933,"Propane Bo-mont","208 Boul Tache o G5V 4P4 Montmagny qc - myLPG.eu"
-71.058425,46.934651,"Roulottes e. Turmel","7010 Boul. Saint Anne G0A 1N0 Chateau-richer qc - myLPG.eu"
-71.838507,46.890628,"Location Economique m. Paquet","144 Rang Saint Jacques G3L 3Y3 St. Raymond qc - myLPG.eu"
-71.185965,46.879518,"Equipements Saint-vallier","650 Rue Adanac G1C 7B7 Quebec qc - myLPG.eu"
-71.330593,46.863418,"Garage Magella Beaulieu Inc","1085 Avenue Lapierre G3E 1H8 Quebec qc - myLPG.eu"
-71.214824,46.863003,"Alliance Auto-propane","3314 Rue du Carrefour G1C 7E1 Beauport qc - myLPG.eu"
-71.30140010318,46.806965761028,"Capital Propane","2700 Boul Wilfrid-hamel G1P 2J1 Quebec City qc - myLPG.eu"
-71.304337,46.806449,Solugaz,"2850 Boul Wilfrid Hamel G1P 2J1 Quebec qc - myLPG.eu"
-71.300692,46.806415,"Capital Propane","2700 Boul Wilfrid-hamel G1P 2J1 Quebec City qc - myLPG.eu"
-71.198481,46.771799,"Propane Multi-services","3800 Boul Guillaume Couture G6W 1H7 Levis qc - myLPG.eu"
-71.20038,46.7699,"Alliance Auto-propane","3600 Boul Guillaume Couture G6W 7L3 Levis qc - myLPG.eu"
-71.708283,46.761739,Petro-canada,"122 Boul Notre-dame G3H 3K7 Pont Rouge qc - myLPG.eu"
-71.451088,46.750583,"Techno-gaz Conversion","215 Rue de Bordeau G3A 2K4 St-augustin-de-desmaures qc - myLPG.eu"
-71.225176,46.743452,"Sonic Propane","441 Avenue Taniata G6W 5M6 Levis qc - myLPG.eu"
-70.021253,46.738768,"Station Service yl Pouliot","179 Rue Principale G0R 2S0 St-camille-de-bellechasse  qc - myLPG.eu"
-71.100092,46.735497,"Pivot Pintendre","968 Rue du Ferblantier G6C 1G7 Pintendre qc - myLPG.eu"
-72.0373974,46.673868,"Station Service j c Tessier & Fils Inc","405 Boul Dussault G0A 4B0 St-marc-des-carrieres qc - myLPG.eu"
-71.299535,46.649684,Petro-canada,"20 Rue du Pont   G6J 1H6 Saint-etienne-de-lauzon qc - myLPG.eu"
-75.920503,46.622319,"Casse Croute Pignon Vert","1247 Transcanadienne J0W 1E0 Grand Remous qc - myLPG.eu"
-72.707692,46.604428,"Gilbert Service Station","1780 6e Ave G9T 2K5 Grand-mere qc - myLPG.eu"
-71.195762,46.599117,"Restaurant Bar la Rocheliere","1370 Rue du Pont G0S 2W0 St-lambert-de-lauzon qc - myLPG.eu"
-81.200614,46.569326,"Berthiaume Service Centre","3460 Highway 144 P0M 1L0 Chelmsford on - myLPG.eu"
-75.51214,46.548853,"Superior Propane","122 Boul Albiny Paquette J9L 1J3 Mont Laurier qc - myLPG.eu"
-80.877816,46.548255,"Pro-Sol Energy Systems","3000 Falconbridge Hwy P3L 1J6 Sudbury ON - myLPG.eu"
-71.631313,46.545828,Ultramar,"102 Rue Olivier G0S 1N0 Laurier Station qc - myLPG.eu"
-84.318843,46.525938,"Propane Plus","60 Great Northern rd P6B 4Y5 Sault Ste. Marie on - myLPG.eu"
-64.715253,46.470264,"Buctouche Mart","15 Rue Acadie E4S 2T6 Bouctouche nb - myLPG.eu"
-71.038176,46.460867,"Propane Grg Inc","425 2e Avenue Parc Industriel G6E 3H2 St. Marie qc - myLPG.eu"
-71.041141,46.451676,"S.s. Propane Inc","257 Route Chasse G6E 3L1 St. Marie de Beauce qc - myLPG.eu"
-72.77177,46.44838,"Matériaux Lavergne","1216 Boul de la Gabelle G0X 2P0 St-Étienne Des Grès qc - myLPG.eu"
-63.780406,46.416347,Esso,"495 Granville st C1N 5J4 Summerside pe - myLPG.eu"
-75.98228,46.386993,"Canadian Tire Gas Plus","220 Boul Desjardins J9E 3J4 Maniwaki qc - myLPG.eu"
-72.530297,46.377665,"Gaz Propane Rainville Inc","494 Rue Bertrand G8T 5Y5 Trois-rivieres qc - myLPG.eu"
-72.553535,46.336322,"Location Trois-rivieres","2255 Rue Bellefeuille G9A 3Z1 Trois-rivieres qc - myLPG.eu"
-72.567329,46.329177,Rona,"4025 Boul Des Recollets G9A 6M1 Trois-rivieres qc - myLPG.eu"
-72.604018,46.32115,Solugaz,"7535 Boul Jean Xxiii G9A 5C9 Trois-rivieres qc - myLPG.eu"
-63.689582,46.25489,"Gateway Petroleum","141 Abegweit Blvd C0B 1X0 Borden-carleton pe - myLPG.eu"
-64.511459,46.224804,"Gaz Propane Rainville Inc","610 Main st E4P 2C6 Shediac nb - myLPG.eu"
-70.493908,46.218795,"Centre D'auto Jean Morin","1456 25e Ave G0M 1Y0 St. Prosper qc - myLPG.eu"
-71.759406,46.209919,Ultramar,"635 Avenue Saint Louis G6L 2L9 Plessisville qc - myLPG.eu"
-71.870824,46.168439,"Garage r. Cote","367 Rue St-jean-baptiste G6L 4T4 Princeville qc - myLPG.eu"
-70.706413,46.154925,"Installations Electriques Gagnon","5420 4e Ave G5Y 5C2 St-georges de Beauce qc - myLPG.eu"
-72.253595,46.151849,"Restaurant Gaz-bar la Belle Quebecoise","1100 Rue Principale G0Z 1C0 Daveluyville qc - myLPG.eu"
-70.678585,46.131066,"Station Service Giguere","1001 107e Rue G5Y 8C3 St. Georges qc - myLPG.eu"
-74.457497,46.122084,"Fruits & Legumes Val-david","1421 Quebec 117 J0T 2N0 Val-david qc - myLPG.eu"
-74.552304,46.115755,"Miller Propane Inc","181 Route 117 s J8E 2X2 Mont-tremblant qc - myLPG.eu"
-71.307986390213,46.107335798401,"Location D'outils Thetford","379 Boul. Frontenac e G6G 1N5 Thetford Mines qc - myLPG.eu"
-71.307804,46.106949,"Location D'outils Thetford","379 Boul Frontenac e G6G 1N5 Thetford Mines qc - myLPG.eu"
-64.703549,46.105407,"Jp's Garage","1105 Champlain st E1A 1P9 Dieppe nb - myLPG.eu"
-71.313336829361,46.102424932874,"Thetford Gaz Service Inc","1016 Rue Carrier G6G 3T5 Thetford Mines qc - myLPG.eu"
-71.313884,46.101867,"Thetford Gaz Service Inc","1016 Rue Carrier G6G 3T5 Thetford Mines qc - myLPG.eu"
-71.288405,46.099727,Petro-canada,"37 1re Rue o G6G 4Y1 Thetford Mines qc - myLPG.eu"
-76.050356,46.096418,Ultramar,"102 Rue Saint Joseph J0X 1W0 Gracefield qc - myLPG.eu"
-64.841682,46.088312,"Moncton Propane Services","560 Edinburgh dr E1E 4C6 Moncton nb - myLPG.eu"
-71.951533,46.072048,"Hamel Propane","100 Rue Saint Denis G6P 8L4 Victoriaville qc - myLPG.eu"
-71.964386,46.066233,"Co-op Des Bois-francs","395 Boul Des Bois-francs n G6P 1H1 Victoriaville qc - myLPG.eu"
-72.828414,46.053149,"aa Propane","137 Route Marie-victorin J0G 1M0 St-francois-du-lac qc - myLPG.eu"
-71.962062,46.046969,"Sonic Propane","5 Avenue Pie-x G6P 7W7 Victoriaville qc - myLPG.eu"
-73.413145,46.041664,Rona,"2000 Boul Firestone J6E 8Z6 Notre-dame-des-prairies qc - myLPG.eu"
-73.094696,46.035125,"Location Sorel","370 Rue du College J3P 6T7 Sorel-tracy qc - myLPG.eu"
-73.412822,46.019696,"Camions Inter-lanaudière","791 Rue Samuel Racine J6E 0E8 Joliette qc - myLPG.eu"
-73.037695,46.017783,"Sonic Propane","3906 Boul Fiset J3P 5J2 Sorel-tracy qc - myLPG.eu"
-73.453239,46.014819,"Sonic Propane","10 Boul de L\'industrie J6E 8T9 Joliette qc - myLPG.eu"
-72.893044,46.005552,"aa Propane","137 Route Marie-victorin J0G 1M0 St-francois-du-lac qc - myLPG.eu"
-73.721509,45.99852,Lou-tec,"2752 Route 125 J0K 2T0 St. Julienne qc - myLPG.eu"
-73.729432,45.996391,Olco,"240 Rue Thibeau G8T 6Y1 Cap-de-la-madeleine qc - myLPG.eu"
-71.36219,45.908791,"D.a. Lehoux Transport Inc","1037 Avenue Champlain G0N 1E0 Disraeli qc - myLPG.eu"
-72.474891,45.903656,Petro-t,"945 Boul Foucault J2C 1A8 St. Charles de Drummond qc - myLPG.eu"
-64.351286,45.894274,"Tantramar Gaz Bar","4 Cattail Ridge E4L 3S1 Sackville nb - myLPG.eu"
-72.538861,45.885406,"Alliance Auto-propane","2115 Rue Canadien J2C 7V9 Drummondville qc - myLPG.eu"
-73.757538,45.861109,"Tremblay Jacques Station Service","988 Rue Saint Isidore J5M 2V2 St. Lin Des Laurentides qc - myLPG.eu"
-72.453487260084,45.850600547773,Maconnex,"4050 Bou. Saint Joseph J2B 1T3 Drummondville qc - myLPG.eu"
-73.425313,45.846772,Lou-tec,"1139 Boul de L\'ange Gardien n J5W 1N7 L\'assomption qc - myLPG.eu"
-73.618781,45.836339,"Gaz Propane Nrj","95 Rue Industrielle J0K 2L0 St. Esprit qc - myLPG.eu"
-77.17018,45.797463,"MacEwen Petroleum","11536 Round Lake Rd K8A 6W8 Pembroke ON - myLPG.eu"
-74.02845,45.781775,"Petrole Page Intergaz","651 Boul Roland Godard J7Y 4C1 St. Jerome qc - myLPG.eu"
-75.099092,45.780388,"Station m. Lalonde","115 Rue Principale J0V 1E0 Cheneville qc - myLPG.eu"
-73.736042,45.771437,Eco-propane,"7920 Boul Laurier J7M 1W3 Terrebonne qc - myLPG.eu"
-73.971613,45.770155,"Gaz Propane Rainville Inc","1460 Boul Saint Antoine J7Z 7M2 St. Jerome qc - myLPG.eu"
-73.979832,45.765955,"Propane Bouvrette","1067 Boul Lachapelle J7Z 7M4 St. Jerome qc - myLPG.eu"
-73.479,45.7546,"Comptoir Agricole Saint-anne Inc","418 Rue Des Industries J5Z 4X5 Repentigny qc - myLPG.eu"
-73.701857,45.721576,"Alliance Auto-propane","2775 Avenue Claude-leveillee J6X 4S8 Terrebonne qc - myLPG.eu"
-73.715773,45.717158,"Gaz Propane Raymond","2235 Rue Antonio Heroux J6X 4R3 Terrebonne qc - myLPG.eu"
-73.936751,45.708963,"Location D'outils Mecatech","14160 Boul Cure-labelle J7J 1L6 Mirabel qc - myLPG.eu"
-74.012139,45.69542,"Budget Propane","13205 Boul. Henri Fabre J7N 0K6 Mirabel qc - myLPG.eu"
-73.895133,45.684042,"Mecanique Generale Saint-louis","1226 Boul. Cure-labelle J7C 2N4 Blainville qc - myLPG.eu"
-73.516027,45.658202,"Mesures Calib-tech","13105 Rue Jean Grou H1A 3N6 Montreal qc - myLPG.eu"
-72.932828,45.655203,"Sonic Propane","7225 Chemin du Rapide Plat s J2R 1R7 St. Hyacinthe qc - myLPG.eu"
-74.344372,45.651505,"Petro Act","180 Avenue D\'argenteuil J8H 3Y4 Lachute qc - myLPG.eu"
-72.681135,45.649209,"Camping Wigwam","425 Rue Principale J0H 2E0 Upton qc - myLPG.eu"
-75.925794,45.648913,Rona,"924 Riverside J0X 3G0 Wakefield qc - myLPG.eu"
-72.977292,45.647977,"Alliance Auto-propane","6230 Rang Saint Andre J2R 1T4 St. Hyacinthe qc - myLPG.eu"
-74.32992,45.647681,"Sonic Propane ","340 Rue Bethany J8H 4G8 Lachute qc - myLPG.eu"
-73.553031,45.643575,"Propane Plus","9700 Boul Henri-bourassa e H1C 1G4 Montreal-est qc - myLPG.eu"
-72.917044,45.635611,"Gaz Propane Maska","3010 Boul Laurier e J2R 1P8 St. Hyacinthe qc - myLPG.eu"
-74.394149,45.631739,"Comptoir Essence c. Trottier","125b Route du Canton J8G 1Z3 Brownsburg Chatham qc - myLPG.eu"
-73.389367,45.6315,"Palli-5 - Petro-t","1467 Lionel-boulet J3X 1P7 Varennes qc - myLPG.eu"
-73.652266,45.623559,"Gaz Propane Monin","555 Montee Saint Francois H7C 2S8 Laval qc - myLPG.eu"
-74.999517,45.62132,"B.k. Mchardy Service Inc","1868 Route 148 J0V 1B0 Grenville Sur la Rouge qc - myLPG.eu"
-72.927314,45.620326,Petro-t,"17090 Avenue Saint Louis J2T 3G3 St. Hyacinthe qc - myLPG.eu"
-73.581597,45.611986,"Propane Plus","10001 Boul. Louis h. Lafontaine H1J 2M5 Anjou qc - myLPG.eu"
-73.685781,45.611976,"Patrick Morin","4300 Boul Robert Bourassa H7E 0C2 Laval qc - myLPG.eu"
-75.618635,45.59956,"Marche Richelieu Perkins","1732 Route Carrefour J8N 7E9 Val Des Monts qc - myLPG.eu"
-73.748506,45.593206,"Alliance Auto-propane","1225 Rue Bergar H7L 4Z7 Laval qc - myLPG.eu"
-73.327046,45.589202,"Garage g Belanger","1551 Chemin du Fer a Cheval J3E 1G5 St-julie qc - myLPG.eu"
-70.90463,45.589134,"Les Petroles Therrien","3592 Rue Laval G6B 1A4 Lac Megantic qc - myLPG.eu"
-73.584689,45.588848,"Propane Plus","7860 Rue Louis-vanier H1P 2K6 St. Leonard qc - myLPG.eu"
-73.786038,45.58826,"Comptoir Essence Julie Prud'homme","973 Boul Cure-labelle J7Z 5N4 St. Jerome qc - myLPG.eu"
-73.923037,45.580979,"Propane Goyer","794 Boul Arthur-sauve J7R 4K3 St. Eustache qc - myLPG.eu"
-72.524643,45.576471,"Depanneur Les Freres Claude","115 Rue de L\'eglise J0H 1E0 Roxton Falls qc - myLPG.eu"
-73.224577,45.562887,"Garage Rejean Guy Inc","235 Boul. Yvon-l\'heureux n J3G 5R8 Beloeil qc - myLPG.eu"
-73.904182,45.559295,"Centre de Location Deux-montagnes","390 Rue Saint Eustache J7R 2M3 St. Eustache qc - myLPG.eu"
-75.419648,45.555948,"Budget Propane","1211 Rue Odile Daoust J8M 1Y7 Gatineau qc - myLPG.eu"
-71.997307,45.555048,"Location Windsor","89 Rue Principale s J1S 2B9 Windsor qc - myLPG.eu"
-73.231051,45.546534,Ultramar,"541 Boul Laurier J3G 6L4 Mcmasterville qc - myLPG.eu"
-73.563479,45.538976,"Centre de Location Turbo","4300 Rue Hogan H2H 2N4 Montreal qc - myLPG.eu"
-73.732626,45.538164,"Petrole Bertrand","325 Boul Chomedey H7V 3S7 Laval qc - myLPG.eu"
-73.120221,45.519105,"Bmr Quincaillerie et Materiaux bg","3200 Rue Bedard J0L 2B0 Saint-jean-baptiste-de-rouville qc - myLPG.eu"
-73.694471,45.510938,"Petrole Crevier","2025 Rue Lucien-thimens H4R 1K8 Ville-st-laurent qc - myLPG.eu"
-73.693977473541,45.510637260013,"Petrole Crevier","2025 Rue Lucien-thimens H4R 1K8 Ville-st-laurent qc - myLPG.eu"
-73.378565,45.501117,"Rona L'entrepot","1221 Boul Des Promenades J3V 6H1 St. Bruno qc - myLPG.eu"
-74.021833,45.500248,"Comptoir D'essence rc","1345 Chemin D\'oka J0N 1E0 Oka qc - myLPG.eu"
-72.313863,45.486484,"Les Petroles C.l.","5527 Chemin de L\'aeroport J0E 2L0 Valcourt qc - myLPG.eu"
-75.626964,45.483385,"Lave Auto Montcalm","642 Boul Maloney e J8P 7M4 Gatineau qc - myLPG.eu"
-75.730893,45.475824,Ultramar,"3 Avenue Gatineau J8T 4H8 Hull qc - myLPG.eu"
-74.2841,45.47527,Shell,"401 ch de la Mairie J0P 1P0 Rigaud qc - myLPG.eu"
-71.680989,45.469701,"Centre de Location Ideale Enr.","169 Route 112 J0B 1R0 Westbury qc - myLPG.eu"
-73.727844,45.46369,"Budget Propane","2090 55 Ave H9P 1H1 Dorval qc - myLPG.eu"
-73.654811,45.439923,"Alliance Auto-propane","40 Boul. Saint Joseph H8S 2L3 Lachine qc - myLPG.eu"
-75.910184,45.436639,"Depanneur Eardley","1536 Highway 148 J0X 2G0 Breckenridge qc - myLPG.eu"
-73.148288439148,45.43506525974,"Propane Action Inc","2335 Chemin Saint Cesaire J3M 1E1 Marieville qc - myLPG.eu"
-73.149018,45.434734,"Propane Action Inc","2335 Chemin Saint C?saire J3M 1E1 Marieville qc - myLPG.eu"
-73.458838,45.427108,"Sonic Propane","4050 Boul Matte J4Y 2Z2 Brossard qc - myLPG.eu"
-72.789783,45.422922,"Entreprises Daigle & Thibault Inc","1359 Rue Principale J2J 0M3 Granby qc - myLPG.eu"
-71.826782,45.422317,"Lehouillier Gaz Bar","3326 Rue King e J1G 5J3 Sherbrooke qc - myLPG.eu"
-73.486854,45.420164,Esso,"80 Boul Taschereau J5R 1S8 la Prairie qc - myLPG.eu"
-71.848206,45.409975,"Gas de L'estrie","1837 Rue King e J1G 5G7 Fleurimont qc - myLPG.eu"
-72.736473,45.408621,Petro-t,"187 Rue Frechette J2G 5Y8 Granby qc - myLPG.eu"
-73.063628759247,45.401323786877,"Camping Domaine du Reve","85 Rang de la Cote Double J0L 1P0 Sainte-angèle-de-monnoir qc - myLPG.eu"
-71.958754,45.400437,"Rona L'entrepot","3400 Boul de Portland J1L 2X1 Sherbrooke qc - myLPG.eu"
-71.991271,45.394842,"Roulottes de L'estrie","4990 Boul Industriel J1R 0P4 Sherbrooke qc - myLPG.eu"
-63.494699,45.392933,Petro-canada,"10639 Highway 2 B0M 1G0 Masstown ns - myLPG.eu"
-72.735509,45.39194,"Gaz Propane Rainville Inc","280 Rue Saint Charles s J2G 7A9 Granby qc - myLPG.eu"
-73.58139,45.3918899,"Couche-tard ","3 Rue Montchamp J5A 2H4 Saint-constant qc - myLPG.eu"
-74.013590119049,45.385353592846,"Charbonneau Propane Equipement","81 Charbonneau J7V 7R6 Vaudreuil-dorion qc - myLPG.eu"
-74.013397,45.38512,"Charbonneau Propane Equipement","81 Charbonneau J7V 7R6 Vaudreuil-dorion qc - myLPG.eu"
-73.988918,45.384797,"Rona Pincourt","1200 Boul du Traversier J7W 0K8 Pincourt qc - myLPG.eu"
-73.133807,45.382186,"Station Service Crevier","191 Rang de L\'eglise J0L 1P0 St-angele-de-monnoir qc - myLPG.eu"
-73.703747,45.379217,"Country Side Gas Station","1455 Route 132 J0L 1B0 Kahnawake-chateauguay qc - myLPG.eu"
-73.954361,45.37644,"Gaz Petrole Charbonneau","103 a Rue Huot J7V 7M4 Notre-dame-de-l\'ile-perrot qc - myLPG.eu"
-71.981112,45.375828,"Gaz Propane Rainville Inc","4589 Boul Bourque J1N 2G6 Sherbrooke qc - myLPG.eu"
-73.293997,45.352212,"Alliance Auto-propane","230 Boul Saint Luc J2W 1C2 St-jean-sur-richelieu qc - myLPG.eu"
-74.223099,45.350617,"Caravane 201","585 Route 201 J0P 1S0 St. Clet qc - myLPG.eu"
-73.684865,45.34628,"Alliance Auto-propane","1810 Boul. Ford J6J 4Z2 Chateauguay qc - myLPG.eu"
-73.503259,45.339121,"Gaz Propane Rainville Inc","300 Montee Monette J0L 2K0 St-philippe de la Prairie qc - myLPG.eu"
-73.268141,45.339087,Shell,"1069 Boul. Seminaire n J3A 1R2 Saint-jean-sur-richelieu qc - myLPG.eu"
-79.198102,45.338344,Esso,"134 Highway 60 rr 4 P1H 1C2 Huntsville on - myLPG.eu"
-75.596466626984,45.324183729138,"W.o Stinson & Son Ltd","4726 Bank st K1T 3W7 Ottawa on - myLPG.eu"
-66.024573,45.318886,"Harbour City Propane","640 Rothesay Ave NB E2H 2H4 Saint John - myLPG.eu"
-73.855364932541,45.316771721882,Petro-t,"253 Boul. de Maple Grove J6N 1L5 Beauharnois qc - myLPG.eu"
-73.855204,45.316734,Petro-t,"253 Boul. de Maple Grove J6N 1L5 Beauharnois qc - myLPG.eu"
-73.743814,45.312644,Ultramar,"846 Boul Saint Jean Baptiste J6R 1E3 Mercier qc - myLPG.eu"
-73.229787,45.311943,"Station Service Domax","476 Boul D\'iberville J2X 3Y7 Iberville qc - myLPG.eu"
-73.727396,45.305541,"Mercier Carburant","885 Rang Ste-marguerite J6R 2L1 Mercier qc - myLPG.eu"
-73.284085,45.295793,"Station Saint-jean","5 Chemin de L\'aeroport J3B 7B5 St-jean-sur-richelieu qc - myLPG.eu"
-73.2906,45.295553,"Gaz Propane Rainville Inc","78 Chemin du Grand Bernier J3B 4P9 St-jean-sur-richelieu qc - myLPG.eu"
-72.126052,45.276517,Rona,"205 Rue Centre J1X 5B6 Magog qc - myLPG.eu"
-74.087749,45.274386,"Garage l. Savary Inc","2700 Boul Hebert J6S 1C9 Valleyfield qc - myLPG.eu"
-74.088509,45.274099,"Alliance Auto-propane","2670 Boul Hebert  J6S 1C7 Salaberry de Valleyfield qc - myLPG.eu"
-73.615104,45.262238,"Gaz Propane Rainville Inc","722 Rue Notre-dame G4T 2S1 St-rémi qc - myLPG.eu"
-73.56709,45.241974,"Station Service 221 Inc","410 Chemin Rheaume J0L 2N0 St. Michel qc - myLPG.eu"
-74.12198,45.237329,"Gaz Propane Rainville Inc","526 Chemin Larocque J6T 4C5 Salaberry-de-valleyfield qc - myLPG.eu"
-74.117231,45.232411,"Budget Propane","683 Chemin Larocque J6T 4E1 Salaberry-de-valleyfield qc - myLPG.eu"
-73.815016,45.225321,"Propane du Suroit","1325 Boul Saint Jean-baptiste o J0S 1V0 St. Martine qc - myLPG.eu"
-67.238587,45.209311,"Red Rooster Country Store","5 Old Bay rd E3L 3W7 Oak Bay nb - myLPG.eu"
-76.18813,45.207509,"Upi Energy lp","5736 County rd 29 K0A 1A0 Almonte on - myLPG.eu"
-72.753721,45.192478,"Les Petroles Maeva","1582 Rue du s J2K 2Y8 Cowansville qc - myLPG.eu"
-73.174377,45.135603,Ultramar,"115 Principale J0J 2B0 Bedford qc - myLPG.eu"
-71.814504,45.131181,"Location Coaticook Inc","72 Avenue de la Graviere J1A 3E6 Coaticook qc - myLPG.eu"
-66.707312,45.116924,"Fundy Mini Market","274 Rte 175 E5H 0B4 Pennfield nb - myLPG.eu"
-73.982815,45.11474,"Quincaillerie r. Gauthier Inc.","1486 Route 201 J0S 1K0 Ormstown qc - myLPG.eu"
-73.762083,45.101192,"gp Automobile Inc","443 Rang Duncan J0S 1R0 Saint-chrysostome qc - myLPG.eu"
-73.7606731,45.1002317,"gp Automobile Inc","443 Rue Duncan J0S 1R0 Saint-chrysostome qc - myLPG.eu"
-74.178922,45.098153,"Pieces D'auto H.a.p. Inc","1960 Chemin New Erin J0S 1H0 Godmanchester qc - myLPG.eu"
-79.6348064,45.0895317,"Global Gas Station","4000 Muskoka rd 169 P0B 1J0 Port Carling on - myLPG.eu"
-73.372987,45.087203,Harnois,"70 Rue de L\'eglise n J0J 1J0 Lacolle qc - myLPG.eu"
-73.906958,45.058597,"Camping Lac Des Pins","3625 Route 201 J0S 1N0 Saint-antoine-abbé qc - myLPG.eu"
-77.830702,45.040642,Esso,"Highway 62 s rr 1 K0L 1C0 Bancroft on - myLPG.eu"
-79.32535,44.863502,"Budget Propane Corp","1011 Beiers rd P1P 1R1 Gravenhurst on - myLPG.eu"
-76.678164,44.798581,Esso,"24514 Highway 7 K0H 2P0 Sharbot Lake on - myLPG.eu"
-63.876419,44.690222,Esso,"4 French Village Station rd B3Z 1C7 Upper Tantallon ns - myLPG.eu"
-75.746697042252,44.615224423268,"Brockville Mr. Gas","3065 County Rd 29 K6V 5T4 Brockville ON - myLPG.eu"
-78.539293,44.552838,"British Empire Fuels","41 County rd 36 n K0M 1A0 Bobcaygeon on - myLPG.eu"
-79.170901,44.53818,"Sparlings Propane","2550 Harrigan dr L0K 1B0 Brechin on - myLPG.eu"
-80.918235,44.524136,Petro-canada,"Highway 6 & Highway 10   N4K 5N6 Owen Sound on - myLPG.eu"
-78.782255,44.523023,"Highlands Propane Inc","5077 Highway 35  K0M 1N0 Fenelon Falls on - myLPG.eu"
-78.720529,44.323302,Petro-canada,"2933 Highway 35 s K9V 4S5 Lindsay on - myLPG.eu"
-80.609116,44.295372,"Sparlings Propane","704304 Highway 10 n N0C 1E0 Flesherton on - myLPG.eu"
-78.292159,44.291565,Pioneer,"336 Lansdowne st e K9L 1R1 Peterborough on - myLPG.eu"
-80.56771,44.273332,"Sparlings Propane","774304 Highway 10 n N0C 1E0 Flesherton on - myLPG.eu"
-76.966732,44.26793,"Flying j","628 County rd 41 K7R 3L1 Greater Napanee on - myLPG.eu"
-76.957883,44.255457,Esso,"359 Center st n K7R 1P7 Napanee on - myLPG.eu"
-79.464938,44.227334,Pioneer,"248 The Queensway s L4P 2B1 Keswick on - myLPG.eu"
-77.403249,44.203347,"Majha Gas & Variety","6658 On-62 K8N 4Z5 Belleville on - myLPG.eu"
-80.816521,44.170005,"North Wellington Co-op","377 Garafraxa st s N0G 1R0 Durham on - myLPG.eu"
-77.325733,44.169888,"Rosebush Energies","4026 Old Highway 2 e K8N 4Z4 Belleville on - myLPG.eu"
-78.0782,44.166152,"Crowe’s Propane & Carwash","8461 County Rd 45 K0K 2X0 Alderville ON - myLPG.eu"
-81.01288,44.154031,"North Wellington Co-op","691 10th st N4N 1S1 Hanover on - myLPG.eu"
-81.150222,44.123444,"Hudson Auto Centre Ltd","906 Yonge st s N0G 2V0 Walkerton on - myLPG.eu"
-78.944226,44.100356,Petro-canada,"1817 Scugog st L9L 1J4 Port Perry on - myLPG.eu"
-77.710686,44.048395,"Gerow Propane","15384 County 2 Rd K0K 1H0 Brighton ON - myLPG.eu"
-78.025583,43.99209,"Grafton Gas & Service","10843 County rd 2 K0K 2G0 Grafton on - myLPG.eu"
-78.321965,43.959085,Shell,"156 Toronto rd L1A 3S5 Port Hope on - myLPG.eu"
-81.530687,43.947035,"Lucknow District Co-op Inc","86387 Lucknow Line N0G 2H0 Lucknow on - myLPG.eu"
-78.859518,43.937315,"Olco - Taunton","540 Taunton rd e L1K 2B8 Oshawa on - myLPG.eu"
-80.122852,43.913184,Petro-canada,"336 Broadway st L9W 2Y9 Orangeville on - myLPG.eu"
-80.873188,43.910813,"North Wellington Co-op","56 Margaret st s N0G 1Z0 Harriston on - myLPG.eu"
-80.113007,43.898243,"Riddell Gas Bar","640 Riddell rd L9W 5G5 Orangeville on - myLPG.eu"
-79.065342,43.833981,"Bayly Coin Car Wash And Propane","1740 Bayly st L1W 3N3 Pickering on - myLPG.eu"
-79.247342,43.822201,Amco,"2810 Markham rd M1X 1E6 Scarborough on - myLPG.eu"
-79.568687,43.784289,Petro-canada,"1000 Rowntree Dairy rd   L4L 5X3 Woodbridge on - myLPG.eu"
-79.234586,43.781986,Petro-canada,"900 Progress Ave M1H 2Z9 Scarborough on - myLPG.eu"
-79.616846,43.773273,Pioneer,"5869 Highway 7 e L4L 1T9 Woodbridge on - myLPG.eu"
-79.189554,43.768647,"Global Gas","4418 Kingston rd M1E 2N4 Scarborough on - myLPG.eu"
-79.489796,43.762301,"Gta Propane","3925 Keele st n M3J 1N6 North York on - myLPG.eu"
-79.278498,43.759856,"Kennedy Car Wash & Propane","1303 Kennedy rd M1P 2L6 Scarborough on - myLPG.eu"
-79.240516,43.737912,Esso,"2871 Eglinton Ave e M1J 2E3 Tornoto on - myLPG.eu"
-79.483271,43.733493,Pioneer,"2881 Keele st M3M 2G9 North York on - myLPG.eu"
-79.288909,43.732104,"Tru Value Warden  ","933 Warden Ave M1L 4C5 Toronto on - myLPG.eu"
-79.639241,43.707736,"Petroleum Plus","3171 Derry rd L4T 1A8 Mississauga on - myLPG.eu"
-79.252013,43.706323,"Jim's Service Centre","2314 Kingston rd    M1N 1T9 Scarborough on - myLPG.eu"
-79.575124965607,43.701864524183,Esso,"1075 Martin Grove & Belfield M9W 4W6 Rexdale on - myLPG.eu"
-79.575361,43.701531,Esso,"1075 Martin Grove & Belfield M9W 4W6 Rexdale on - myLPG.eu"
-79.69585,43.696707,"Express Welding Supplies Ltd","31 Strathearn Ave L6T 4P1 Brampton on - myLPG.eu"
-79.734376,43.695135,Econo,"118 Orenda rd L6W 3W6 Brampton on - myLPG.eu"
-79.574088,43.690544,Petro-canada,"585 Dixon rd   M9W 1H7 Etobicoke on - myLPG.eu"
-79.878613,43.649368,Esso,"375 Guelph st L7G 4B6 Georgetown on - myLPG.eu"
-79.631568,43.640754,"Kar Kare","1401 Matheson Blvd L4W 1E3 Mississauga on - myLPG.eu"
-79.5438,43.632599,"Sunshine Propane Inc","5462 Dundas st w M9B 1B5 Etobicoke on - myLPG.eu"
-79.567379,43.625464,"Clean Max Car Wash","2141 Dundas st e L4X 1M3 Mississauga on - myLPG.eu"
-79.734319,43.597388,"Tru Value Mississauga","6455 Mississauga rd L5N 1A6 Mississauga on - myLPG.eu"
-80.190545,43.577253,"Emt Tuning","7910 Highway 7 e N1H 6H8 Guelph on - myLPG.eu"
-80.563939,43.575896,"Dub-l-e Auto Service","390 Arthur st s N3B 2P6 Elmira on - myLPG.eu"
-79.634753,43.565404,"Direct Propane Inc","715 Dundas St W L5C 3B6 Mississauga - myLPG.eu"
-81.695907,43.560965,"Bayfield Garage","9 Main st s N0M 1G0 Bayfield on - myLPG.eu"
-79.916474,43.536022,Shell,"8612 Highway 25 n L9T 0J5 Milton on - myLPG.eu"
-79.642275,43.499081,"P.h.d. Group Inc","2568 Royal Windsor dr L5K 1K7 Mississauga on - myLPG.eu"
-80.2772468,43.4964794,"Upi Energy lp","7060 Wellington rd 124 rr 6 N1H 6J3 Guelph on - myLPG.eu"
-80.493316,43.450409,"Downtown Auto","24 Gaukel st N2G 1Y6 Kitchener on - myLPG.eu"
-80.553068,43.42363,"Goco Gas Bar","1500 Highland rd w N2N 3K6 Kitchener on - myLPG.eu"
-79.716796,43.41853,"Speers Husky","625 3rd Ave L6L 4A8 Oakville on - myLPG.eu"
-80.605931017197,43.413618713318,Petro-canada,"1656 Snyder\'s rd e N0B 2H0 Petersburg on - myLPG.eu"
-80.605813,43.4133927,Petro-canada,"1656 Snyder\'s rd e N0B 2H0 Petersburg on - myLPG.eu"
-81.05105,43.403675,Petro-canada,"180 Huron rd   N0K 1X0 Sebringville on - myLPG.eu"
-80.46652,43.399157,"Top Fuelers","1591 Strasburg rd N2R 1K2 Kitchener on - myLPG.eu"
-80.31901,43.379591,Pioneer,"145 Hespeler rd N1R 3G9 Cambridge on - myLPG.eu"
-80.306177,43.379523,"Waterloo County Propane","165 Avenue rd N1R 7Z1 Cambridge on - myLPG.eu"
-79.768099,43.376545,Pioneer,"850 Appleby Line L7L 2Y7 Burlington on - myLPG.eu"
-80.28931,43.361521,"Upi Energy lp","345 Franklin Blvd N1R 8E3 Cambridge on - myLPG.eu"
-80.989134,43.35297,"Core Fuels","219 e Lorne Ave N5A 6S4 Stratford on - myLPG.eu"
-79.819396,43.33529,"Sani And Sons Inc","1364 Plains rd e L7R 3P8 Burlington on - myLPG.eu"
-80.435344,43.334375,"Primemax Energy Inc","2558 Cedar Creek rd N0B 1E0 Ayr on - myLPG.eu"
-80.470783,43.305016,"Ayr Gas Bar","1202 Northumberland st N0B 1E0 Ayr on - myLPG.eu"
-80.064893,43.281382,"Gord's Service Station","1303 Highway 5 L9H 5E2 Dundas on - myLPG.eu"
-79.864961,43.260397,"Cannon Husky","55 Cannon st e L8L 1Z7 Hamilton on - myLPG.eu"
-79.788512,43.256136,Pioneer,"1800 Burlington st e L8H 3L4 Hamilton on - myLPG.eu"
-81.190541,43.255494,Dowler-karn,"1714 Perth County rd 163 N4X 1C4 St. Mary\'s on - myLPG.eu"
-79.761065,43.236483,"Hamilton Pump","207 Centennial Pkwy n L8E 1H8 Hamilton on - myLPG.eu"
-79.770866,43.229746,Pioneer,"711 Queenston rd L8G 1A1 Hamilton on - myLPG.eu"
-79.881727,43.227241,Pioneer,"859 Upper James st L9C 3A3 Hamilton on - myLPG.eu"
-80.388107,43.209738,Shell,"279 Grand River n N3L 2N9 Paris on - myLPG.eu"
-79.85153,43.192856,Pioneer,"927 Rymal rd e L8W 3M2 Hamilton on - myLPG.eu"
-79.198464,43.171111,"Star Gas Bar","530 Eastchester Ave e L2M 7P3 St. Catharines on - myLPG.eu"
-79.745774,43.166202,Pioneer,"333-339 Highway 20 L8G 3X4 Stoney Creek on - myLPG.eu"
-80.181488,43.150219,Pioneer,"1365 Colborne st e N3T 5M1 Brantford on - myLPG.eu"
-80.2412,43.1407,Esso,"618 Colborne st e N3S 3P7 Brantford on - myLPG.eu"
-80.6915845,43.1394388,"Upi Energy lp","685558 Highway 2 e rr 5 N4S 7V9 Woodstock on - myLPG.eu"
-80.731101,43.133459,"Star Gas Bar & Car Wash","960 Dundas st N4S 1H3 Woodstock on - myLPG.eu"
-79.123507,43.115003,"Gales Gas Bar","7537 Thorold Stone rd L2H 3A7 Niagara Falls on - myLPG.eu"
-79.951462,43.075325,Pioneer,"83 Argyle st N3W 1B8 Caledonia on - myLPG.eu"
-80.263513,43.074694,"Brantford Fuels & Variety","259 Cockshutt rd N0E 1K0 Brantford on - myLPG.eu"
-81.154549,43.027316,Dowler-karn,"1980 Crumlin rd N5V 3B6 London on - myLPG.eu"
-81.1494,43.0123,"Pioneer Gas Bar - Dundas St","2350 Dundas St N5V1R5 London ON - myLPG.eu"
-81.158487,43.009834,Petro-canada,"2200 Dundas st e  N5V 1R5 London on - myLPG.eu"
-79.259401,42.990354,"Westside Propane","2 Riverside dr L3C 5C7 Welland on - myLPG.eu"
-81.1759,42.9903,"Hi-tech Auto Care","1765 Trafalgar st N5W 1X7 London on - myLPG.eu"
-81.175,42.9336,"Flying j","3700 Highbury Ave N6N 1P3 London on - myLPG.eu"
-79.629584,42.907022,Esso,"202 George st N1A 2T4 Dunnville on - myLPG.eu"
-78.964573,42.905154,Petro-canada,"1326 Garrison rd   L2A 1P1 Fort Erie on - myLPG.eu"
-80.7163,42.8498,"Dodsley Propane","45 Spruce st N4G 5C4 Tillsonburg on - myLPG.eu"
-80.309,42.8461,Petro-canada,"29 Queensway w N3Y 2M7 Simcoe on - myLPG.eu"
-81.170866,42.778467,Pioneer,"1020 Talbot st N5P 1G3 St. Thomas on - myLPG.eu"
-81.137958,42.777265,Dowler-karn,"43841 Talbot Line N5P 3S7 St. Thomas on - myLPG.eu"
-80.972212,42.772852,"Aylmer Propane","375 Talbot st e N5H 1J4 Aylmer on - myLPG.eu"
-80.462998,42.612866,Esso,"160 Front rd N0E 1M0 Port Rowan on - myLPG.eu"
-82.227195,42.437448,Dowler-karn,"24151 Saint Clair rd N7M 5J2 Chatham on - myLPG.eu"
-82.1697979,42.4018815,"Upi Energy lp","335 Park Ave e N7M 3V7 Chatham on - myLPG.eu"
-82.941754,42.2957,Pioneer,"3124 Jefferson Blvd N8T 2W6 Windsor on - myLPG.eu"
-82.96073,42.229878,Dowler-karn,"5475 Dicocco ct N0R 1L0 Windsor on - myLPG.eu"
